Sr,District,Taluka,Taluka Normal RainFall,1,2,3,4,5,6,7,8,9,10,11,12,13,14,15,16,17,18,19,20,21,22,23,24,25,26,27,28,29,30,31,Total RainFall,%RainFall,Rainy Days
1,Thane,Thane,961.6,330.0,61.0,74.2,86.2,23.0,36.0,3.0,2.2,16.0,2.2,5.1,9.4,9.0,28.0,7.2,5.2,5.7,3.4,10.3,1.4,0.2,9.4,0.0,0.0,0.0,0.0,2.0,214.2,107.0,74.6,1.0,1126.9,110.1,21
2,,Kalyan,1023.4,73.0,141.0,81.0,89.0,23.0,37.0,9.0,3.0,5.0,2.0,2.0,2.0,11.0,23.0,15.0,1.0,2.0,3.0,2.0,0.0,1.0,2.0,0.0,11.0,0.0,0.0,0.0,136.0,93.0,24.0,1.0,792,81.7,17
3,,Murbad,968.9,8.2,112.4,69.7,154.4,21.3,29.2,8.3,2.3,8.5,8.3,10.2,14.1,9.5,22.2,25.2,4.3,2.1,3.2,4.2,5.3,4.3,11.3,0.0,4.2,4.3,0.0,0.0,69.7,48.6,7.4,0.0,672.7,69.7,25
4,,Bhivandi,965.8,19.0,92.0,50.0,98.0,15.0,13.0,1.0,2.0,4.0,3.0,7.0,5.0,7.0,18.0,7.0,1.0,4.0,5.0,17.0,2.0,3.0,9.0,0.0,0.0,0.0,0.0,0.0,151.0,37.0,43.0,20.0,633,57.4,22
5,,Shahapur,1102.4,21.4,56.0,78.4,80.4,44.0,39.2,0.0,11.2,14.4,21.0,10.8,12.4,7.4,23.2,19.4,3.0,3.2,6.4,10.6,1.4,0.0,10.0,3.4,9.8,8.0,0.0,0.0,57.2,82.2,8.4,3.4,646.2,64.5,26
6,,Ulhasnagar,1001.4,80.0,143.0,101.6,116.6,27.6,41.4,13.4,4.4,17.0,6.4,16.2,15.2,10.2,21.4,29.6,5.4,4.1,1.1,1.0,0.0,1.1,2.6,1.4,12.4,0.0,0.0,0.0,125.8,93.5,29.7,0.0,922.1,92.1,22
7,,Ambarnath,1001.4,35.0,51.0,50.3,64.0,15.2,24.2,4.0,3.6,4.2,3.0,8.2,7.4,4.0,8.2,8.2,3.1,0.0,1.2,0.0,5.3,0.0,2.0,6.0,2.4,0.0,0.0,0.0,75.2,51.4,8.2,0.0,445.3,61.6,21
8,Raigadh,Alibag,723.0,89.1,61.1,40.4,5.8,35.3,1.2,0.8,0.0,15.1,0.5,5.0,7.4,7.2,1.5,1.5,0.0,1.8,2.7,1.5,0.0,4.1,30.8,0.8,0.0,0.0,0.0,5.8,172.4,32.8,160.0,27.3,711.9,63.1,17
9,,Panwel,1128.9,245.0,142.0,71.0,32.0,28.0,36.2,2.4,3.0,5.0,8.0,5.2,4.0,30.0,11.0,7.4,3.0,0.0,12.6,7.0,0.0,4.0,5.4,0.0,0.0,0.0,0.0,0.0,139.0,145.4,24.0,1.0,971.6,70.5,22
10,,Karjat,1378.2,141.9,161.1,95.5,71.9,47.6,8.9,6.4,5.5,17.8,17.8,21.0,6.1,35.4,9.3,16.7,13.7,5.5,7.5,9.8,1.8,2.6,2.2,34.0,2.0,0.0,9.2,0.0,63.4,80.5,55.9,18.2,969.2,74.4,26
11,,Khalapur,1302.2,147.1,141.0,142.0,42.0,41.0,32.0,5.2,6.2,6.1,13.4,13.0,4.0,31.6,12.2,10.2,5.0,7.3,16.0,7.0,10.3,3.1,0.0,3.0,0.0,2.4,2.2,0.0,45.4,79.0,30.0,4.8,862.5,113.1,26
12,,Uran,762.4,69.0,120.0,87.0,31.0,32.0,2.0,2.0,5.0,2.0,3.0,14.0,2.0,10.0,10.0,3.0,0.0,0.0,1.0,4.0,2.0,0.0,15.0,0.0,0.0,0.0,0.0,0.0,132.0,75.0,153.0,10.0,784,52.8,17
13,,Sudhagad,1484.0,174.0,111.0,131.0,43.0,77.0,34.0,11.0,12.0,26.0,18.0,26.0,13.0,23.0,22.0,19.0,8.0,17.0,0.3,3.0,23.0,14.0,2.0,0.0,0.0,0.0,0.0,0.0,70.0,83.0,43.0,1.0,1004.3,90.3,23
14,,Pen,1112.4,158.2,122.2,107.2,29.4,32.2,34.4,12.2,5.4,24.4,13.2,21.6,27.4,26.4,18.2,11.2,17.6,5.2,8.2,2.2,0.0,5.2,4.2,2.2,0.0,26.4,6.2,2.2,111.4,73.4,48.2,23.2,979.4,72.6,26
15,,Mahad,1348.2,240.0,252.3,113.2,76.4,57.4,31.7,38.0,35.5,38.9,33.4,7.8,49.2,13.0,78.0,14.1,14.8,13.0,12.5,10.7,10.5,13.5,5.1,3.2,0.0,0.0,10.4,0.0,26.6,127.4,51.5,30.1,1408.2,112.8,28
16,,Mangaon,1248.4,289.0,70.0,74.0,33.0,28.0,28.0,19.0,26.0,41.0,20.4,10.0,11.0,12.0,48.0,2.2,4.0,9.0,7.0,7.0,16.0,19.0,0.9,8.0,0.0,4.0,8.0,0.0,49.0,144.0,72.0,0.3,1059.8,83.7,26
17,,Roha,1265.5,78.5,124.3,133.0,15.0,35.2,14.0,9.2,13.0,30.0,10.1,25.0,19.3,12.2,38.0,16.2,10.2,14.1,7.2,8.4,12.3,10.0,11.0,1.0,0.0,0.0,0.0,25.0,108.2,140.1,68.3,6.0,994.8,72.5,27
18,,Poladpur,1371.3,103.0,183.0,60.0,63.0,34.0,23.0,28.0,19.0,43.0,23.0,9.7,38.0,22.0,54.0,15.0,22.0,20.0,24.0,6.0,5.0,3.0,12.0,14.0,1.8,0.0,42.0,0.0,53.0,72.0,26.5,1.0,1020,111.2,27
19,,Murud,917.6,205.6,75.0,103.9,4.0,9.1,2.2,4.4,13.1,11.5,0.0,4.0,4.0,6.0,11.0,6.1,0.0,3.1,0.0,3.1,0.0,0.0,0.3,6.0,0.0,0.0,0.0,0.0,150.0,40.0,88.0,19.1,769.5,66.9,20
20,,Shriwardhan,1150.5,76.2,102.0,27.0,20.0,27.0,4.0,4.0,9.0,6.0,6.0,2.0,8.0,10.0,29.0,10.0,13.0,4.0,4.0,11.0,1.0,3.0,30.8,0.0,20.0,0.0,0.0,0.2,14.0,90.0,82.0,23.0,636.2,49.8,25
21,,Mahasala,1277.4,107.2,170.0,41.6,24.2,31.2,5.8,14.8,6.4,41.2,21.2,6.4,13.0,24.0,64.4,17.0,16.0,4.6,5.4,12.4,3.4,2.2,12.4,12.4,0.0,0.0,0.4,0.0,19.6,125.2,127.4,20.2,950,76.1,26
22,,Tala,1248.4,247.0,153.0,129.0,16.0,38.0,4.0,24.0,23.0,25.0,17.0,6.0,13.0,20.0,49.0,16.0,6.0,9.0,7.0,3.0,1.0,11.0,13.0,0.0,2.0,0.0,2.0,5.0,88.0,126.0,125.0,22.0,1200,87.1,26
23,Ratnagiri,Chiplun,1377.8,188.0,115.0,66.0,38.0,35.0,71.0,13.0,32.0,76.0,13.0,21.0,7.0,9.0,28.0,7.0,11.0,9.0,11.0,6.0,3.0,11.0,2.0,2.0,1.0,13.0,5.0,1.0,23.0,102.0,76.0,29.0,1024,78.9,27
24,,Dapoli,1298.3,43.2,177.0,75.0,100.8,31.5,8.3,10.6,20.0,48.3,22.8,2.6,28.4,9.0,9.2,19.0,11.0,26.0,10.0,9.0,17.0,12.4,12.5,1.0,3.0,0.6,6.0,1.6,31.6,112.2,89.0,29.0,977.6,70.8,28
25,,Khed,1379.9,62.0,142.0,95.0,78.0,38.0,27.7,13.0,26.0,62.0,30.0,18.0,10.0,12.0,16.0,24.0,22.0,15.0,9.0,8.0,8.0,9.0,4.0,12.0,4.0,2.0,0.0,7.0,32.0,103.0,36.0,17.0,941.7,105.4,29
26,,Guhagar,893.3,59.0,170.0,24.0,6.0,7.0,25.0,0.0,7.0,9.0,8.0,5.0,14.0,5.0,15.0,0.0,3.0,12.0,18.0,4.0,25.0,10.0,15.0,0.0,37.0,0.0,0.0,8.0,48.0,129.0,116.0,114.0,893,56.3,26
27,,Mandangad,1587.1,103.6,204.2,7.5,52.6,44.2,27.7,15.2,16.2,36.0,36.2,25.2,44.2,45.0,64.2,30.8,16.6,10.2,15.0,4.2,15.4,7.6,3.8,0.0,7.0,4.0,2.4,5.6,15.2,160.0,19.4,18.8,1058,112,29
28,,Ratnagiri,944.5,20.5,55.2,2.1,20.8,102.4,37.0,8.4,31.4,16.7,14.0,2.7,9.9,9.4,13.3,3.6,18.5,23.8,2.0,12.5,0.6,4.2,5.4,6.9,6.5,3.3,3.0,18.3,34.8,122.5,148.4,35.3,793.4,54.8,28
29,,Sangameshwar,1447.8,63.0,121.0,26.0,40.0,36.0,125.0,21.0,33.0,38.0,40.0,37.0,17.0,15.0,18.0,16.0,31.0,14.0,13.0,10.0,13.0,8.0,15.0,5.0,6.0,7.0,17.0,0.0,12.0,150.0,45.0,16.0,1008,81.3,30
30,,Rajapur,1239.8,138.0,61.0,9.0,46.0,14.0,16.0,28.0,36.0,80.0,45.0,12.0,13.0,26.0,17.0,11.0,11.0,28.0,9.0,1.0,0.0,0.0,27.0,2.0,15.0,17.0,1.0,23.0,14.0,84.0,91.0,31.0,906,64.3,26
31,,Lanja,1409.1,62.0,32.0,21.0,26.0,21.0,44.0,9.0,65.0,43.0,24.0,14.0,18.0,19.0,18.0,37.0,37.0,23.0,10.0,4.0,2.0,5.0,3.0,2.0,5.0,2.0,4.0,3.0,8.0,108.0,82.0,25.0,776,101.4,28
32,Sindhudurg,Devgad,765.3,11.0,10.0,3.0,5.0,4.0,2.0,0.0,5.0,9.0,18.0,3.0,5.0,3.0,21.0,1.0,9.0,5.0,0.0,0.0,0.0,22.0,12.0,40.0,70.0,1.0,0.0,3.0,19.0,127.0,238.0,68.0,714,93.8,23
33,,Malwan,761.3,12.0,6.0,14.0,3.0,15.0,2.0,2.0,20.0,18.0,4.0,2.0,2.0,6.0,2.0,7.0,3.0,8.0,6.0,2.0,2.0,12.0,11.0,12.0,18.0,3.0,2.0,18.0,22.0,50.0,189.0,90.0,563,39.3,23
34,,Sawantwadi,1430.8,125.0,25.0,16.4,26.0,17.0,23.0,29.0,32.0,84.0,28.0,19.0,16.1,18.5,20.0,34.0,23.0,5.0,21.0,4.0,11.0,13.0,2.0,4.0,11.0,0.0,6.0,21.0,28.0,92.0,110.0,38.0,902,87.1,29
35,,Vengurla,1035.6,83.4,8.6,5.8,10.2,7.0,7.2,15.0,15.0,59.6,2.2,5.0,3.6,12.6,2.2,1.2,7.0,37.4,8.0,5.2,1.0,2.1,13.1,16.0,6.0,1.0,0.0,35.2,11.2,87.4,201.8,44.2,715.2,54.1,24
36,,Kankawali,1321.1,66.0,27.0,16.0,10.0,9.0,10.0,8.0,14.0,18.0,23.0,17.0,12.0,10.0,9.0,8.0,19.0,12.0,10.0,3.0,4.0,7.0,27.0,14.0,7.0,0.0,4.0,3.0,30.0,88.0,72.0,26.0,583,51.6,30
37,,Kudal,1129.9,47.0,15.0,12.0,10.0,6.0,8.0,6.0,15.0,50.0,30.0,12.0,8.0,15.0,10.0,9.0,7.0,14.0,5.0,3.0,5.0,12.0,5.0,10.0,5.0,0.0,0.0,13.0,26.0,86.0,151.0,50.0,645,29.9,29
38,,Vaibhavwadi,2160.8,73.0,20.0,17.0,32.0,19.0,17.0,7.0,25.0,44.0,96.0,17.0,19.0,44.0,32.0,10.0,1.0,27.0,9.0,9.0,10.0,21.0,29.0,10.0,1.0,15.0,22.0,22.0,52.0,96.0,40.0,57.0,893,62.4,29
39,,Dodamarg,1430.8,25.0,25.0,13.0,23.0,13.0,15.0,31.0,52.0,105.0,43.0,13.0,7.0,46.0,11.0,13.0,40.0,23.0,17.0,18.0,8.0,8.0,2.0,10.0,19.0,5.6,5.0,14.0,30.0,28.0,135.0,6.0,803.6,109.1,30
40,Palghar,Vasai,736.4,165.0,121.6,22.0,9.0,47.0,1.0,6.0,2.0,1.0,1.0,8.0,10.0,20.0,1.0,4.0,2.0,7.0,12.0,10.0,0.0,4.0,6.0,0.0,1.0,1.0,0.0,17.0,189.0,41.0,175.0,29.0,912.6,77.6,20
41,,Wada,1176.3,52.0,74.0,120.0,28.0,10.0,7.0,6.0,4.0,11.0,10.0,11.8,5.0,9.2,9.0,4.0,2.0,7.1,1.5,0.5,0.0,0.0,7.9,0.0,0.0,2.0,0.0,0.0,140.8,34.5,20.2,5.5,583,79.4,21
42,,Dahanu,734.0,158.5,40.0,34.9,2.3,11.0,0.3,1.2,6.5,1.5,0.8,4.1,4.0,10.8,2.1,5.5,2.0,0.1,1.7,0.5,0.1,0.0,1.8,1.2,0.0,0.5,0.0,0.1,49.2,99.3,74.4,5.0,519.4,68,13
43,,Palghar,763.9,235.6,12.0,66.2,6.2,7.5,2.0,1.0,0.0,1.4,0.0,1.0,10.8,1.0,5.6,7.6,1.0,2.0,3.3,5.1,0.0,0.0,5.4,0.0,0.0,0.6,0.0,8.2,78.8,90.6,7.6,3.0,563.5,35.2,16
44,,Javhar,1602.3,32.0,115.4,195.0,60.2,33.4,7.6,4.0,9.4,2.2,8.4,10.0,10.0,22.0,35.0,16.6,8.6,4.0,2.0,12.0,1.0,2.4,14.4,3.0,0.0,3.4,0.0,0.0,73.5,60.2,12.4,0.0,758.1,76.2,23
45,,Mokhada,994.6,24.0,74.5,201.9,70.6,48.2,18.6,11.0,17.5,17.4,12.5,11.1,4.0,17.2,17.7,7.4,6.8,7.0,3.3,7.0,0.8,1.2,0.2,2.8,0.0,49.2,0.0,0.0,23.3,33.9,10.9,0.0,700,90.6,24
46,,Talasari,772.8,17.0,156.0,131.5,12.0,8.0,8.0,0.2,9.0,7.8,6.0,5.0,4.0,20.0,27.0,23.0,0.0,0.0,12.0,0.0,0.0,0.0,1.0,0.0,0.0,0.0,0.0,0.0,92.0,135.0,74.0,3.0,751.5,46.9,19
47,,Vikramgad,1602.3,46.0,76.6,158.3,8.1,16.5,6.5,6.0,3.4,4.1,7.9,2.0,6.4,7.2,33.7,9.2,2.0,2.8,2.3,6.0,1.5,1.0,5.9,3.4,0.0,3.0,0.0,2.7,183.7,114.7,32.1,0.7,753.7,671.1,23
48,Nasik,Malegaon,112.3,24.0,16.0,8.0,3.0,2.0,0.0,0.0,0.0,2.0,0.0,0.0,0.0,0.0,0.0,0.0,0.0,0.0,0.0,0.0,0.0,0.0,0.0,0.0,0.0,8.0,0.0,52.0,39.0,14.0,0.0,0.0,168,172.1,8
49,,Baglan,97.6,28.0,33.0,47.0,9.0,6.0,3.0,0.0,0.0,4.0,2.0,0.0,0.0,0.0,0.0,0.0,0.0,0.0,0.0,0.0,0.0,0.0,0.0,0.0,0.0,8.0,0.0,0.0,2.0,0.0,0.0,9.0,151,67.4,9
50,,Kalwan,223.9,28.0,58.0,49.0,17.0,10.0,8.0,1.0,0.0,4.0,3.0,6.0,0.0,1.0,1.0,0.0,0.0,0.0,0.0,0.0,0.0,0.0,0.0,0.0,0.0,22.0,35.0,0.0,2.0,5.0,1.0,0.0,251,225.1,12
51,,Nandgaon,111.5,12.0,23.0,29.0,2.0,0.0,0.0,0.0,0.0,2.0,0.0,0.0,0.0,0.0,1.0,0.0,0.0,0.0,0.0,0.0,0.0,0.0,0.0,0.0,0.0,4.0,26.0,27.0,56.0,1.0,1.0,0.0,184,25.8,7
52,,Surgana,711.8,43.0,140.0,119.0,88.0,111.0,31.0,5.0,11.0,13.0,43.0,44.0,0.0,15.0,21.0,3.0,7.0,0.0,0.0,0.0,0.0,0.0,0.0,0.0,0.0,9.0,20.0,0.0,0.0,33.0,13.0,8.0,777,347.7,20
53,,Nasik,223.5,13.4,47.0,130.0,18.0,3.0,0.0,1.0,1.2,3.1,1.0,0.5,0.0,1.0,2.0,0.5,0.0,0.0,0.0,0.0,0.0,1.0,0.0,0.0,0.2,22.0,0.0,0.0,0.0,9.5,1.3,0.0,255.7,99.7,8
54,,Dindori,256.5,11.0,54.0,57.0,10.0,8.0,4.0,2.0,1.5,3.0,6.5,13.0,1.0,4.0,3.5,2.0,0.0,0.0,0.0,0.0,0.0,0.0,0.0,0.0,8.0,16.5,0.0,0.0,0.0,2.0,0.0,0.0,207,15.5,13
55,,Egatpuri,1339.8,75.0,149.0,247.0,58.0,45.0,31.0,15.0,33.0,32.0,41.0,33.0,18.0,35.0,32.0,44.0,6.0,10.0,12.0,6.0,11.0,0.0,0.0,0.0,4.0,56.0,1.0,0.0,63.0,72.0,38.0,8.0,1175,125.5,26
56,,Peth,936.4,34.0,144.0,106.0,65.0,44.0,9.0,14.0,4.0,11.0,24.0,32.0,6.0,4.0,24.0,13.0,1.0,2.0,1.0,4.0,0.0,0.0,0.0,0.0,7.0,19.0,0.0,0.0,10.0,14.0,12.0,0.0,604,511.4,21
57,,Niphad,118.1,12.1,29.0,121.0,7.0,2.4,0.0,2.0,1.0,1.5,1.0,0.0,0.0,3.3,1.0,0.0,0.0,0.0,0.0,0.0,0.0,0.0,0.0,0.0,0.0,3.0,0.0,0.0,0.0,19.0,0.0,0.0,203.3,133.2,7
58,,Sinnar,152.6,6.4,29.0,96.0,17.6,3.0,0.0,2.0,1.0,2.0,2.0,0.0,0.0,3.0,2.0,1.0,0.0,0.0,0.0,0.0,0.0,0.0,0.0,0.0,7.2,2.0,12.0,0.0,0.0,0.0,0.0,0.0,186.2,173.4,8
59,,Yevla,107.4,10.0,32.0,59.0,0.0,4.0,0.0,0.0,4.0,1.0,0.0,0.0,0.0,0.0,0.0,3.0,0.0,0.0,0.0,0.0,0.0,0.0,0.0,0.0,0.0,0.0,0.0,5.0,10.0,25.0,0.0,0.0,153,105.4,9
60,,Chandwad,145.1,23.0,60.0,34.0,2.0,11.1,6.2,0.0,0.0,3.0,2.0,6.0,0.0,2.1,2.0,0.0,0.0,0.0,0.0,0.0,0.0,0.0,0.0,0.0,0.0,0.0,0.0,0.0,0.0,1.0,0.0,0.0,152.4,16.3,7
61,,Trimbakeshwar,936.4,22.0,138.0,318.0,81.0,60.0,24.0,13.0,15.0,12.0,18.0,18.0,8.0,15.0,10.0,21.0,0.0,2.0,1.0,16.0,1.0,4.0,0.0,0.0,0.0,43.0,0.0,0.0,7.0,23.0,2.0,2.0,874,441.2,20
62,,Devali,198.1,20.0,40.0,38.0,10.0,5.0,0.0,0.0,0.0,5.0,0.0,3.0,0.0,0.0,0.0,0.0,0.0,0.0,0.0,0.0,0.0,0.0,0.0,0.0,0.0,20.0,0.0,0.0,7.0,0.0,0.0,0.0,148,94.3,9
63,Dhule,Dhule,157.0,38.0,36.0,18.0,8.0,2.0,0.0,0.0,2.0,11.0,0.0,8.0,3.0,3.0,2.0,0.0,0.0,0.0,0.0,0.0,0.0,0.0,0.0,0.0,0.0,3.0,28.0,0.0,3.0,18.0,1.0,2.0,186,149.4,12
64,,Sakri,124.5,42.0,61.0,37.0,12.0,1.0,1.0,0.0,0.0,18.0,0.0,26.0,0.0,0.0,0.0,0.0,0.0,0.0,0.0,0.0,0.0,0.0,0.0,0.0,6.0,25.0,13.0,3.0,4.0,8.0,0.0,12.0,269,117.4,13
65,,Shirpur,229.2,220.0,58.0,93.0,12.0,25.0,0.0,5.0,26.0,30.0,6.0,29.0,0.0,0.0,0.0,0.0,0.0,0.0,0.0,0.0,0.0,0.0,3.0,0.0,0.0,0.0,0.0,0.0,25.0,23.0,7.0,2.0,564,343.9,14
66,,Shindkheda,164.0,107.0,53.0,57.0,6.0,15.0,0.0,0.0,3.0,19.0,8.0,20.0,0.0,0.0,0.0,0.0,0.0,0.0,0.0,0.0,0.0,0.0,0.0,0.0,1.0,0.0,0.0,6.0,16.0,4.0,2.0,0.0,317,136.8,12
67,Nandurbar,Nandurbar,231.7,76.0,66.0,144.0,45.0,68.0,4.0,3.0,3.0,30.0,55.0,20.0,0.0,2.0,0.0,0.0,4.0,0.0,0.0,0.0,0.0,0.0,0.0,0.0,0.0,25.0,5.0,0.0,0.0,0.0,0.0,0.0,550,122.1,14
68,,Navapur,450.3,77.0,168.0,182.0,86.0,30.0,0.0,0.0,1.0,32.0,10.0,50.0,0.0,5.0,0.0,4.0,0.0,0.0,0.0,0.0,0.0,0.0,0.0,0.0,0.0,30.0,0.0,0.0,0.0,0.0,0.0,0.0,675,276.8,11
69,,Shahada,243.9,120.0,32.0,49.0,21.0,4.0,2.0,0.0,0.0,30.0,0.0,17.0,4.0,1.0,1.0,2.0,8.0,0.0,0.0,0.0,0.0,0.0,0.0,0.0,0.0,9.0,63.0,0.0,1.0,0.0,2.0,5.0,371,128.7,12
70,,Taloda,288.3,216.0,69.0,72.0,57.0,10.0,0.0,0.0,0.0,46.0,3.0,19.0,2.0,3.0,5.0,3.0,0.0,0.0,0.0,0.0,0.0,0.0,0.0,0.0,0.0,18.0,10.0,0.0,1.0,0.0,2.0,0.0,536,209.4,13
71,,Akrani,256.0,227.0,75.0,83.0,44.0,6.0,0.0,1.0,0.0,42.0,7.0,12.0,1.0,0.0,1.0,0.0,1.0,0.0,0.0,0.0,0.0,0.0,0.0,0.0,0.0,3.0,1.0,10.0,5.0,12.0,17.0,5.0,553,151.4,14
72,,Akkalkua,365.2,240.0,245.0,140.0,71.0,26.0,1.0,1.0,1.0,48.0,3.0,43.0,9.0,13.0,2.0,3.0,2.0,0.0,0.0,0.0,0.0,0.0,0.0,0.0,0.0,0.0,3.0,0.0,27.0,0.0,7.0,0.0,885,385.1,14
73,Jalgaon,Jalgaon,229.8,113.7,10.8,4.7,14.2,4.8,3.8,7.0,19.0,32.8,4.0,11.0,2.9,1.0,3.7,3.2,3.2,0.0,0.0,0.0,0.0,0.0,0.0,0.0,1.4,0.0,8.2,7.0,0.5,1.0,5.3,0.0,263.2,115.9,18
74,,Bhusawal,227.1,124.9,12.2,4.5,6.0,3.4,4.0,5.2,21.2,17.9,10.0,40.1,2.0,0.0,1.6,5.0,2.8,0.0,0.0,0.0,0.0,0.0,0.0,0.0,4.0,0.0,10.7,13.0,5.2,0.0,0.0,0.0,293.7,130.5,17
75,,Yaval,225.1,184.0,78.8,19.4,32.6,1.6,6.8,6.0,29.2,27.8,4.8,23.0,0.0,0.0,3.0,4.0,0.0,1.0,0.0,0.0,0.0,0.0,0.0,0.0,2.0,0.0,19.6,1.0,0.0,0.0,1.6,0.0,446.2,238.2,13
76,,Raver,187.3,132.2,17.2,10.8,17.4,4.0,6.6,18.0,46.8,26.4,3.6,0.0,0.0,0.0,4.0,1.0,2.4,3.4,3.4,0.0,0.0,0.0,0.0,0.0,22.2,4.0,1.6,9.4,2.0,0.0,2.2,1.4,340,161.8,16
77,,Edlabad mukainagar,210.1,157.6,11.0,23.0,5.3,2.0,3.6,19.0,40.0,17.1,10.6,3.3,0.0,0.0,1.0,0.0,0.0,0.0,0.0,0.0,0.0,0.0,0.0,0.0,2.0,0.0,0.0,7.7,9.6,0.0,1.0,1.0,314.8,167.8,12
78,,Amalner,187.6,76.0,21.2,10.0,6.0,1.0,0.0,0.0,6.4,20.3,0.0,19.2,9.8,0.0,6.5,13.2,0.0,0.0,0.0,0.0,0.0,0.0,0.0,0.0,2.7,3.1,0.0,0.0,13.5,1.4,7.5,0.0,217.8,98.6,14
79,,Chopda,220.9,159.0,46.0,6.0,14.0,8.0,5.0,13.0,16.0,30.0,6.0,13.0,33.0,1.0,0.0,4.0,5.0,0.0,0.0,0.0,0.0,0.0,0.0,0.0,0.0,0.0,4.0,0.0,9.0,2.0,14.0,0.0,388,187.1,17
80,,Erandol,207.4,74.0,13.0,3.0,6.0,0.0,2.0,2.0,9.0,22.0,2.0,4.0,1.0,1.0,0.0,0.0,4.0,0.0,0.0,8.0,0.0,0.0,0.0,0.0,1.0,4.0,4.0,10.0,9.0,7.0,14.0,2.0,202,103.1,15
81,,Parola,195.9,52.8,18.6,5.4,4.0,0.0,9.0,0.0,10.0,22.4,1.0,1.6,1.0,2.6,0.0,3.4,0.0,0.0,0.0,0.0,0.0,0.0,0.0,0.0,2.4,0.0,18.0,22.4,2.6,11.0,9.0,0.0,197.2,111.1,14
82,,Chalisgaon,177.5,28.3,13.5,10.0,3.0,0.0,0.0,4.0,2.0,3.0,0.0,0.0,0.0,0.0,0.0,0.0,0.0,0.0,0.0,3.0,0.0,0.0,0.0,0.0,1.0,18.0,1.0,16.3,5.0,2.0,14.0,0.0,124.1,57.5,11
83,,Jamner,216.0,75.0,31.0,1.0,0.0,2.0,1.0,0.0,29.0,15.0,0.0,0.0,5.0,0.0,0.0,0.0,0.0,0.0,0.0,0.0,0.0,0.0,0.0,0.0,5.0,11.0,23.0,9.0,31.0,0.0,13.0,0.0,251,123.8,11
84,,Pachora,202.7,36.2,18.6,1.8,0.0,0.0,1.0,0.0,7.1,8.4,1.0,1.0,0.0,1.0,0.0,0.0,8.0,0.0,1.0,5.6,5.7,0.0,0.0,0.0,2.7,6.6,9.8,8.2,7.6,13.4,5.6,5.1,155.4,86.6,15
85,,Bhadgaon,179.4,30.0,15.0,5.0,1.0,0.0,0.0,0.0,11.0,6.0,0.0,1.0,0.0,9.0,0.0,0.0,9.0,0.0,0.0,8.0,6.0,0.0,0.0,0.0,4.0,11.0,1.0,3.0,16.6,0.0,3.0,2.0,141.6,68.3,14
86,,Dharangaon,207.4,110.0,14.0,8.0,9.0,4.0,3.0,5.5,10.0,26.0,2.0,17.0,0.0,0.0,8.0,2.0,3.0,0.0,0.0,0.0,0.0,0.0,0.0,0.0,0.0,0.0,17.0,0.0,2.0,3.0,9.0,0.0,252.5,111.2,15
87,,Bodhwada,227.1,100.2,14.0,1.0,2.1, - ,2.0,3.0,32.6,16.5,8.0,2.1,0.0,0.0,0.0,0.0,4.5,0.0,0.0,0.0,0.0,0.0,0.0,0.0,21.0,0.0,0.0,9.2,16.7,0.0,0.0,0.0,232.9,258.2,10
88,Ahamadnagar,Nagar,90.2,1.0,8.0,3.0,1.0,0.0,0.0,0.0,2.0,1.0,0.0,0.0,0.0,0.0,0.0,0.0,0.0,0.0,0.0,0.0,0.0,0.0,0.0,0.0,0.0,5.0,1.0,34.0,2.0,7.0,20.0,0.0,85,96.8,6
89,,Parner,87.8,1.0,10.0,12.0,5.0,5.0,0.0,0.0,0.0,0.0,0.0,0.0,0.0,0.0,0.0,0.0,0.0,0.0,0.0,0.0,0.0,0.0,0.0,0.0,20.0,0.0,0.0,2.0,5.0,5.0,0.0,0.0,65,91.9,7
90,,Shrigonda,70.7,3.0,17.0,17.0,2.0,0.0,0.0,0.0,0.0,0.0,0.0,0.0,0.0,0.0,0.0,0.0,0.0,0.0,0.0,0.0,0.0,0.0,0.0,0.0,4.0,18.0,0.0,35.0,0.0,0.0,20.0,0.0,116,135.5,7
91,,Karjat,85.6,4.0,9.0,8.0,0.0,0.0,0.0,0.0,0.0,0.0,0.0,0.0,0.0,0.0,0.0,0.0,0.0,0.0,0.0,0.0,0.0,0.0,0.0,0.0,0.0,0.0,0.0,7.0,0.0,10.0,6.0,0.0,44,33.2,6
92,,Jamkhed,132.5,1.0,7.0,5.0,0.0,0.0,0.0,0.0,0.0,0.0,0.0,0.0,0.0,0.0,0.0,0.0,0.0,0.0,0.0,0.0,0.0,0.0,0.0,0.0,15.0,2.0,0.0,15.0,0.0,0.0,20.0,0.0,65,56.6,5
93,,Shegaon,114.8,0.0,13.0,0.0,0.0,0.0,0.0,0.0,0.0,0.0,0.0,0.0,0.0,0.0,0.0,0.0,0.0,0.0,0.0,0.0,0.0,0.0,0.0,0.0,0.0,0.0,0.0,0.0,60.0,0.0,0.0,0.0,73,64.9,2
94,,Pathardi,112.4,0.0,6.0,0.0,0.0,0.0,0.0,0.0,0.0,0.0,0.0,0.0,0.0,0.0,0.0,0.0,0.0,0.0,0.0,0.0,0.0,0.0,0.0,0.0,0.0,0.0,0.0,1.0,0.0,0.0,0.0,0.0,7,6.2,1
95,,Newasa,112.3,16.0,4.0,1.0,0.0,0.0,0.0,0.0,0.0,0.0,0.0,0.0,0.0,0.0,0.0,0.0,0.0,0.0,0.0,0.0,0.0,0.0,0.0,0.0,0.0,0.0,0.0,19.0,11.0,4.0,0.0,0.0,55,56.5,5
96,,Rahuri,97.3,0.0,12.0,2.0,1.0,0.0,0.0,0.0,0.0,0.0,0.0,0.0,0.0,0.0,0.0,0.0,0.0,0.0,0.0,0.0,7.0,0.0,0.0,0.0,0.0,0.0,0.0,15.0,40.0,0.0,0.0,0.0,77,85.3,4
97,,Sangamner,90.3,6.0,22.0,15.0,6.0,1.0,0.0,0.0,1.0,1.0,0.0,1.0,0.0,0.0,0.0,1.0,0.0,0.0,0.0,0.0,0.0,0.0,0.0,0.0,0.0,0.0,0.0,0.0,2.0,0.0,0.0,0.0,56,36.7,4
98,,Akola,152.4,18.0,65.0,77.0,23.0,12.0,7.0,0.0,2.0,1.0,3.0,7.0,1.0,10.0,3.0,7.0,0.0,0.0,0.0,0.0,0.0,0.0,0.0,0.0,0.0,2.0,0.0,4.0,11.0,0.0,0.0,0.0,253,258.7,13
99,,Kopargaon,97.8,9.0,20.0,34.0,0.0,0.0,0.0,0.0,0.0,0.0,0.0,3.0,0.0,0.0,0.0,0.0,0.0,0.0,0.0,0.0,0.0,0.0,0.0,0.0,0.0,0.0,0.0,0.0,4.0,20.0,0.0,0.0,90,96.2,6
100,,Shrirampur,93.6,8.0,15.0,9.0,5.0,0.0,0.0,0.0,0.0,0.0,0.0,0.0,0.0,0.0,0.0,0.0,0.0,0.0,0.0,0.0,0.0,0.0,0.0,0.0,0.0,0.0,0.0,34.0,29.0,13.0,0.0,4.0,117,119.6,8
101,,Rahata,97.8,9.0,22.0,7.0,3.0,0.0,0.0,0.0,0.0,0.0,0.0,0.0,0.0,0.0,0.0,0.0,0.0,0.0,0.0,0.0,0.0,0.0,0.0,3.0,0.0,0.0,0.0,0.0,5.0,8.0,0.0,24.0,81,48,8
102,Pune,Pune city,168.9,32.0,68.1, - ,8.7,5.9,8.9,0.8,2.4,2.1,1.0,0.1,0.0,2.3,3.1,2.6,0.7,0.8,0.2,0.0,0.0,1.2,0.0,0.0,2.1,0.0,5.3,35.8,4.9,2.3,3.0,0.0,194.3,115,11
103,,Haveli pune,168.9,32.0,68.1,80.0,8.7,5.9,8.9,0.8,2.4,2.1,1.0,0.1,0.0,2.3,3.1,2.6,0.7,0.8,0.2,0.0,0.0,1.2,0.0,0.0,2.1,0.0,5.3,35.8,4.9,2.3,3.0,0.0,274.3,40.3,12
104,,Mulshi paud,680.1,94.0,108.0,149.0,53.0,29.0,38.0,11.0,13.0,27.0,18.0,7.0,3.0,14.0,8.0,8.0,5.0,6.0,4.0,0.5,0.5,2.0,2.0,0.0,0.0,4.0,22.0,0.0,11.0,12.0,3.0,0.0,652,170.8,23
105,,Bhor,381.7,105.0,123.0,34.0,58.0,37.0,12.0,7.0,8.0,52.0,6.0,3.0,4.0,11.0,13.0,7.0,8.0,3.0,0.0,0.0,0.0,0.0,0.0,0.0,17.0,0.0,0.0,0.0,12.0,3.0,0.0,0.0,523,104.9,20
106,,Maval wadgaon,498.4,75.2,76.0,63.0,53.0,42.0,50.0,3.3,8.3,11.0,18.0,18.0,3.0,10.0,4.0,1.0,1.0,5.0,0.0,1.0,1.0,4.0,0.0,0.0,0.0,0.0,0.0,0.0,19.0,10.0,3.0,0.0,479.8,45.8,19
107,,Velhe,1047.4,182.0,203.0,212.0,103.0,61.0,29.0,27.0,49.0,81.0,20.0,25.0,17.0,20.0,38.0,28.0,13.0,10.0,12.0,6.0,6.0,5.0,6.0,1.0,0.0,0.0,0.0,0.0,14.0,24.0,6.0,1.0,1199,478.5,25
108,,Junnar,250.6,2.0,59.0,88.0,85.0,16.0,18.0,2.0,0.0,1.0,1.0,0.0,2.0,3.0,1.0,1.0,0.0,0.0,1.0,1.0,1.0,0.0,0.0,0.0,0.0,27.0,3.0,1.0,42.0,10.0,1.0,0.0,366,196.4,10
109,,Khed Rajgurunagar,186.4,12.0,32.8,36.0,9.0,4.6,2.4,0.7,1.2,0.0,3.8,1.0,0.0,6.2,2.2,2.6,0.4,0.2,1.2,0.0,0.0,1.4,0.0,0.0,0.0,2.4,41.6,3.8,0.6,0.2,6.4,0.0,172.7,65.1,11
110,,Ambegaon ghodegaon,265.3,4.0,18.0,60.0,30.0,33.0,44.0,6.0,3.0,24.0,15.0,3.0,1.0,8.0,2.0,0.0,1.9,0.0,2.0,0.0,0.0,0.0,0.0,0.0,0.0,3.0,14.0,0.0,19.0,24.0,0.0,0.0,314.9,423.3,16
111,,Shirur ghodnandi,74.4,0.0,24.0,9.0,0.0,0.0,0.0,0.0,2.0,0.0,0.0,0.0,0.0,0.0,0.0,0.0,0.0,0.0,0.0,0.0,0.0,0.0,0.0,0.0,3.0,2.0,0.0,13.0,8.0,9.0,0.0,0.0,70,123.5,6
112,,Baramati,56.7,5.0,17.0,0.0,0.0,0.0,0.0,0.0,0.0,0.0,0.0,0.0,0.0,0.0,0.0,0.0,0.0,0.0,0.0,0.0,0.0,0.0,0.0,0.0,0.0,12.0,0.0,8.0,9.0,13.0,0.0,0.0,64,101.6,6
113,,Indapur,63.0,0.4,8.0,0.0,0.0,0.0,0.0,0.0,0.0,0.0,0.0,0.0,0.0,0.0,0.0,0.0,0.0,0.0,0.0,0.0,0.0,0.0,0.0,0.0,0.2,7.0,0.0,0.0,0.0,1.0,0.0,54.0,70.6,117.3,3
114,,Daund,60.2,2.0,24.2,4.0,6.0,0.0,0.0,0.0,0.0,0.0,0.0,0.0,0.0,0.0,0.0,0.0,0.0,0.0,0.0,0.0,0.0,0.0,0.0,0.0,0.0,5.5,0.0,11.0,2.0,0.0,12.7,0.0,67.4,60.9,6
115,,Purandar saswad,110.7,21.0,51.0,23.0,8.0,6.0,0.0,1.0,0.0,3.0,0.0,1.0,2.0,1.0,1.0,1.0,1.0,1.0,2.0,0.0,0.0,0.0,0.0,0.0,0.0,0.0,0.0,0.0,0.0,0.0,0.0,0.0,123,99.2,6
116,Solapur,N.solapur,124.0,0.3,3.0,0.0,4.6,1.0,0.2,0.0,0.0,0.0,0.0,0.0,0.0,0.0,0.0,0.0,0.0,0.0,0.0,0.0,0.0,0.0,0.0,0.0,0.0,27.5,0.0,0.0,0.0,18.7,0.0,0.0,55.3,44.6,4
117,,S.solapur,124.0,0.3,3.0,0.0,4.6,1.0,0.2,0.0,0.0,0.0,0.0,0.0,0.0,0.0,0.0,0.0,0.0,0.0,0.0,0.0,0.0,0.0,0.0,0.0,0.0,27.5,0.0,0.0,0.0,18.7,0.0,0.0,55.3,44.7,4
118,,Barshi,123.8,2.0,1.3,0.0,0.0,0.0,0.0,0.0,0.0,0.0,0.0,0.0,0.0,0.0,0.0,0.0,0.0,0.0,0.0,0.0,0.0,0.0,0.0,0.0,19.0,21.5,3.0,3.3,6.9,5.0,0.0,54.3,116.3,82.9,7
119,,Akkalkot,140.3,0.0,0.0,0.0,0.0,0.0,0.0,0.0,0.0,0.0,0.0,0.0,0.0,0.0,0.0,0.0,0.0,2.2,0.0,0.0,0.0,0.0,0.0,0.0,0.0,56.0,0.0,0.0,0.0,0.0,0.0,10.0,68.2,59.7,2
120,,Mohol,114.2,0.0,2.2,0.0,0.0,0.0,0.0,0.0,0.0,0.0,0.0,0.0,0.0,0.0,0.0,0.0,0.0,0.0,0.0,0.0,0.0,0.0,0.0,0.0,0.0,21.0,0.0,2.2,0.0,0.0,0.0,0.0,25.4,29.4,1
121,,Madha,86.5,1.4,1.2,0.0,0.0,1.0,1.0,0.0,0.0,0.0,0.0,0.0,0.0,0.0,0.0,2.8,0.0,0.0,0.0,0.0,0.0,0.0,0.0,0.0,46.4,4.4,0.0,3.4,0.0,0.0,0.0,17.6,79.2,81.7,5
122,,Karmala,96.9,0.0,4.0,0.0,0.0,0.0,0.0,0.0,0.0,0.0,0.0,0.0,0.0,0.0,0.0,0.0,0.0,0.0,0.0,0.0,0.0,0.0,0.0,0.0,10.3,0.0,0.0,15.0,0.0,0.0,0.0,3.0,32.3,37.3,4
123,,Pandharpur,86.7,0.0,0.0,0.0,0.0,0.0,0.0,0.0,0.0,0.0,0.0,0.0,0.0,0.0,0.0,0.0,0.0,3.0,0.0,1.0,0.0,0.0,0.0,0.0,0.0,21.0,0.0,0.0,0.0,0.0,0.0,7.0,32,46.9,3
124,,Sangola,68.2,0.0,7.8,0.0,0.0,0.0,0.0,0.0,0.0,0.0,0.0,0.0,0.0,0.0,0.0,0.0,0.0,2.0,0.0,0.0,0.0,0.0,0.0,0.0,0.0,4.4,0.0,0.0,0.0,2.0,20.0,18.0,54.2,83.5,4
125,,Malshiras,64.9,3.0,2.0,0.0,0.0,0.0,0.0,0.0,0.0,0.0,0.0,0.0,0.0,0.0,0.0,0.0,0.0,0.0,0.0,0.0,0.0,0.0,0.0,0.0,0.0,2.0,0.0,0.0,0.0,0.0,0.0,1.0,8,9.7,1
126,,Mangalwedha,82.2,0.0,5.0,0.0,0.0,0.0,0.0,0.0,0.0,0.0,0.0,0.0,0.0,0.0,0.0,0.0,0.0,3.0,0.0,0.0,0.0,0.0,0.0,0.0,0.0,12.0,0.0,0.0,0.0,30.0,0.0,4.6,54.6,14.8,5
127,Satara,Satara,370.0,52.0,64.4,33.2,44.0,24.4,9.2,1.2,8.0,74.4,19.4,3.0,3.4,13.6,8.2,7.2,6.6,3.2,0.0,1.2,0.0,1.0,0.0,0.0,4.2,0.0,0.0,0.0,0.0,5.0,2.2,0.0,389,53.7,18
128,,Javli medha,724.0,54.0,80.0,47.3,81.0,71.2,19.4,38.4,54.2,113.0,39.2,6.0,5.9,7.4,17.4,14.0,10.0,6.3,3.0,0.0,0.0,0.0,1.4,1.3,8.0,0.0,0.0,6.3,2.3,3.4,2.0,0.0,692.4,85.1,21
129,,Patan,814.0,96.0,242.0,40.0,42.0,29.0,24.0,16.0,40.0,122.0,17.0,1.0,4.0,16.0,23.0,6.0,12.0,20.0,4.0,0.0,2.0,0.0,1.0,0.0,14.0,0.0,0.0,0.0,0.0,10.0,5.0,0.0,786,383.6,20
130,,Karad,204.9,42.0,53.8,13.2,9.6,6.8,17.8,0.1,4.2,40.6,1.4,0.0,0.4,1.2,3.0,1.2,2.4,6.6,0.0,1.5,0.0,0.0,1.2,0.0,0.0,0.0,3.6,0.0,0.0,0.0,0.0,0.0,210.6,104.4,11
131,,Koregaon,201.8,42.0,75.6,8.4,5.2,10.4,3.4,1.0,2.8,67.0,6.8,0.6,0.0,5.4,3.2,2.2,5.6,2.0,0.0,0.0,0.0,0.0,0.0,0.0,0.0,0.4,0.0,0.0,0.0,2.2,1.2,0.0,245.4,327.2,12
132,,Khatav vaduj,75.0,17.1,57.5,4.9,9.2,2.4,2.4,0.0,0.0,28.0,2.6,0.0,0.0,0.0,2.0,1.0,0.5,4.0,0.0,1.5,0.0,0.0,0.0,0.0,0.0,7.2,0.0,0.0,0.0,0.0,2.0,1.0,143.3,225.7,8
133,,Man dahiwadi,63.5,6.0,29.0,2.8,4.4,2.4,0.0,0.0,0.0,5.1,0.0,0.0,0.0,0.0,0.0,1.0,0.0,0.0,0.0,0.0,0.0,0.0,0.0,0.0,0.0,28.4,1.6,1.6,0.0,0.0,0.0,1.0,83.3,163.3,6
134,,Phaltan,51.0,10.0,20.0,1.0,2.0,0.0,0.0,0.0,0.0,2.0,0.0,0.0,0.0,0.0,0.0,0.0,0.0,0.0,0.0,5.0,0.0,0.0,10.0,0.0,0.0,5.0,0.0,0.0,0.0,0.0,0.0,0.0,55,51.9,5
135,,Khandala,106.0,41.0,40.0,2.0,8.6,3.2,1.0,0.0,0.0,19.2,1.0,0.0,0.0,0.0,0.0,0.0,0.0,0.0,0.0,0.0,0.0,0.0,0.0,0.0,0.0,0.0,0.0,7.4,4.2,0.0,0.0,0.0,127.6,49.7,7
136,,Wai,256.6,41.0,76.0,21.0,31.0,7.6,5.0,1.0,3.0,24.0,18.0,1.0,0.0,2.0,4.4,1.0,2.0,1.0,1.0,0.0,0.0,0.0,0.0,0.0,6.0,0.0,0.0,0.0,4.2,1.0,0.0,0.0,251.2,28.8,12
137,,Mahableshwar,872.6,165.0,324.0,202.2,197.3,110.5,87.6,56.5,85.0,181.5,129.9,38.4,57.6,53.1,75.8,38.2,28.7,55.6,27.5,14.2,9.8,20.2,11.0,3.0,10.1,0.6,0.0,8.0,32.2,63.0,35.6,0.0,2122.1,1929.2,28
138,Sangli,Miraj,110.0,18.0,2.0,0.0,0.0,0.0,6.3,1.0,0.0,3.0,2.0,1.0,1.0,0.0,0.0,0.0,10.0,3.0,2.0,0.0,0.0,0.0,0.0,0.0,0.0,0.0,10.0,0.0,0.0,22.0,0.0,3.4,84.7,119.6,8
139,,Jath,70.8,1.1,1.5,0.0,0.0,0.0,7.2,2.0,0.0,0.0,0.0,0.0,15.0,0.0,2.6,0.0,0.0,0.0,0.0,0.0,0.0,1.0,0.0,0.0,0.0,0.0,0.0,0.0,0.0,0.0,0.0,2.8,33.2,31.3,4
140,,Khanapur vita,106.1,18.0,14.0,8.0,3.0,1.0,7.0,0.0,0.0,11.0,1.0,0.0,1.0,0.0,5.0,2.0,5.0,3.0,0.0,0.0,0.0,0.0,0.0,0.0,0.0,10.0,0.0,0.0,0.0,0.0,2.0,60.0,151,88.4,11
141,,Valva eslampur,170.9,39.0,11.0,6.3,6.0,5.0,21.0,3.0,10.0,28.0,3.0,0.0,1.0,0.0,0.0,2.0,3.0,0.0,0.0,0.0,0.0,7.0,3.0,0.0,9.0,0.0,4.0,0.0,0.0,0.0,0.0,0.0,161.3,150.7,15
142,,Tasgaon,107.0,17.0,3.0,2.0,3.0,3.2,8.4,2.2,0.0,4.8,2.5,0.0,3.8,1.6,3.2,1.2,4.8,4.6,0.0,0.0,0.0,0.0,0.0,0.0,0.0,21.5,2.4,0.0,0.0,0.0,0.0,2.0,91.2,28.6,11
143,,Shirala,319.0,45.0,10.0,5.0,16.0,8.0,36.0,9.0,33.0,15.0,21.0,3.0,2.0,3.0,9.0,4.0,7.0,5.0,1.0,1.0,1.0,6.0,0.0,1.0,3.0,0.0,3.0,0.0,0.0,0.0,2.0,0.0,249,415,19
144,,Atpadi,60.0,3.0,5.0,0.0,0.0,0.0,0.0,0.0,0.0,3.0,0.0,0.0,0.0,0.0,0.0,0.0,0.0,0.0,0.0,0.0,0.0,0.0,0.0,0.0,0.0,1.0,0.0,0.0,0.0,3.0,0.0,2.0,17,23,4
145,,Kavthemahankal,74.0,6.0,9.1,1.0,3.0,0.0,9.0,2.0,0.0,0.0,0.0,0.0,3.0,0.0,2.0,0.0,1.2,0.0,0.0,1.0,1.0,0.0,0.0,0.0,0.0,1.0,9.0,0.0,0.0,0.0,1.1,0.0,49.4,46.2,6
146,,Palus,107.0,12.0,3.0,0.0,0.0,1.0,8.0,3.0,0.0,11.0,0.0,0.0,1.0,1.0,1.0,1.0,3.0,1.0,0.0,1.0,1.0,0.0,0.0,0.0,2.0,1.0,8.0,0.0,1.0,0.0,0.0,0.0,60,61.2,7
147,,Kadegaon,98.0,35.0,42.0,18.0,4.0,3.0,8.0,2.0,1.0,36.0,11.0,8.0,1.0,2.0,2.0,3.0,3.0,4.0,2.0,0.0,0.0,0.0,0.0,0.0,0.0,2.0,6.0,0.0,0.0,0.0,0.0,0.0,193,56.8,13
148,Kolhapur,Hatkanangle,339.5,38.0,7.0,4.0,15.0,3.0,11.0,3.0,8.0,8.0,6.0,18.0,1.0,1.0,5.0,1.1,4.0,3.0,0.0,0.0,0.0,0.0,0.0,0.0,0.0,0.0,6.0,7.0,0.0,0.0,7.0,0.0,156.1,130.2,17
149,,Shirol,119.9,24.0,1.0,0.0,4.0,1.0,2.0,0.0,2.0,3.0,3.0,3.0,3.0,3.0,2.0,2.0,3.0,1.0,0.0,0.0,0.0,0.0,0.0,0.0,0.0,0.0,0.0,0.0,0.0,0.0,11.0,2.0,70,12,9
150,,Panhala,583.7,120.0,65.0,34.0,37.0,54.0,52.0,26.0,45.0,60.0,54.0,10.0,20.0,15.0,18.0,11.0,24.0,12.0,10.0,6.0,7.0,5.0,10.0,0.0,4.0,10.0,0.0,4.0,10.0,17.0,12.0,2.0,754,112.9,28
151,,Shauwadi,668.1,82.0,99.0,49.0,48.0,50.0,58.0,18.0,57.0,80.0,49.0,18.0,7.0,13.0,14.0,9.0,15.0,10.0,4.0,0.0,5.0,8.0,1.0,0.0,0.0,1.0,0.0,3.0,2.0,10.0,2.0,3.0,715,43.7,23
152,,Radhanagari,1635.3,118.0,128.0,52.0,135.0,52.0,84.0,34.0,104.0,159.0,120.0,35.0,50.0,44.0,42.0,47.0,45.0,46.0,26.0,3.0,5.0,6.0,17.0,1.0,1.0,0.0,0.0,5.0,3.0,47.0,11.0,4.0,1424,65.9,27
153,,Bavda,2160.8,144.0,35.0,25.0,38.0,64.0,43.0,14.0,66.0,90.0,82.0,22.0,24.0,58.0,49.0,45.0,34.0,57.0,43.0,16.0,9.0,25.0,25.0,22.0,5.0,5.0,5.0,85.0,37.0,105.0,59.0,11.0,1342,372.9,31
154,,Karveer kolhapur,359.9,50.6,12.2,9.3,16.0,3.2,9.8,4.5,23.0,24.5,3.8,0.5,1.2,1.0,4.4,4.8,4.0,1.4,1.4,0.0,0.7,0.8,0.7,0.0,0.0,0.0,1.3,2.4,0.4,6.6,3.5,0.0,192,71.8,15
155,,Kagal,267.4,45.0,16.6,6.0,7.3,8.0,3.0,4.2,31.1,19.0,39.1,0.0,3.0,0.0,3.0,4.5,0.0,4.0,0.0,0.0,0.0,0.0,0.0,0.0,0.0,0.0,3.2,1.0,0.0,2.0,0.0,0.0,200,60.2,15
156,,Gadhinglaj,332.3,40.0,21.0,16.0,11.0,3.0,5.0,4.0,23.0,30.0,36.0,3.0,2.0,0.0,2.0,5.0,4.0,8.0,2.0,1.0,0.0,0.0,2.0,0.0,0.0,0.0,0.0,12.0,4.0,4.0,3.0,0.0,241,37.4,18
157,,Bhudargad,644.2,73.0,43.0,25.0,30.0,17.0,31.0,7.0,33.0,74.0,53.0,2.0,5.0,6.0,11.0,12.0,18.0,24.0,2.0,1.0,0.0,1.0,7.0,0.0,0.0,1.0,1.0,2.0,2.0,19.0,10.0,0.0,510,64.2,19
158,,Ajara,795.0,102.0,44.0,37.0,68.0,30.0,30.0,5.0,27.0,113.0,145.0,12.0,10.0,11.0,29.0,20.0,30.0,19.0,4.0,1.0,0.0,0.0,5.0,0.0,0.0,0.0,1.0,3.0,3.0,15.0,8.0,1.0,773,65.4,23
159,,Chandgad,1182.6,141.0,93.0,48.0,72.0,30.0,55.0,47.0,60.0,141.0,129.0,36.0,22.0,30.0,49.0,26.0,28.0,22.0,10.0,0.0,0.0,0.0,14.0,0.0,7.0,0.0,2.0,4.0,2.0,29.0,11.0,2.0,1110,655.6,23
160,Aurangabad,Aurangabad,169.3,15.8,20.7,9.5,1.7,0.9,2.4,0.8,9.4,4.2,0.3,0.0,0.0,0.0,0.0,0.0,0.4,0.0,0.0,0.0,0.3,0.0,0.0,0.0,2.0,6.8,0.0,29.3,12.7,12.9,19.2,0.3,149.6,108.2,10
161,,Paithan,138.2,10.6,11.0,0.4,0.0,0.0,0.0,0.0,4.0,0.7,0.0,0.0,0.0,0.0,0.0,0.0,0.0,0.0,0.0,0.0,0.0,0.0,0.0,0.7,0.6,0.9,0.0,11.6,15.3,13.7,19.0,2.2,90.7,68.9,7
162,,Gangapur,131.6,10.0,15.8,5.6,0.6,0.0,0.0,0.0,5.7,2.7,0.9,0.0,0.0,0.0,0.0,0.0,0.0,0.0,0.0,0.0,0.0,0.0,0.0,0.0,0.1,0.0,4.9,12.7,2.6,16.7,4.2,3.7,86.2,71,11
163,,Vaijapur,121.4,9.3,12.8,18.1,2.8,0.0,0.0,0.0,1.8,1.2,0.0,0.1,0.0,0.2,0.0,1.0,0.0,0.0,0.0,0.0,0.0,0.0,0.0,0.0,0.0,2.1,5.7,16.3,20.9,26.1,6.4,0.2,125,63.4,9
164,,Kannad,197.3,14.0,16.7,26.0,0.5,2.0,0.5,0.5,6.0,4.0,2.0,0.5,0.0,0.0,0.5,0.0,0.0,0.0,0.0,0.5,0.0,0.0,0.0,0.5,0.7,3.0,9.0,7.0,22.2,23.2,42.7,0.0,182,91.2,11
165,,Khultabad,199.6,13.6,12.7,11.7,2.3,0.7,0.7,0.0,11.0,5.2,0.0,0.3,0.0,0.0,0.5,0.0,1.3,0.0,0.0,0.0,0.0,0.0,0.0,0.0,0.0,0.0,1.7,23.3,18.1,41.0,44.7,0.0,188.8,99.2,9
166,,Sillod,190.3,32.0,11.6,12.4,0.4,0.0,0.8,2.2,13.2,12.2,0.8,3.0,3.2,0.0,0.0,0.0,6.8,19.0,19.0,0.1,0.0,0.0,0.0,0.0,10.2,4.6,2.4,3.2,36.8,29.8,8.6,9.6,241.9,129.7,17
167,,Soegaon,186.5,33.0,19.0,6.0,2.0,0.0,0.0,5.0,6.0,11.5,0.3,4.0,1.5,0.0,0.0,0.0,8.5,0.5,0.5,5.0,0.0,0.0,0.0,0.0,13.0,0.0,9.0,9.0,32.0,32.0,12.5,3.0,213.3,119.2,16
168,,Phulambri,178.9,16.0,21.7,7.0,1.7,5.7,0.0,0.0,8.5,4.4,0.0,0.0,0.0,0.0,0.0,0.0,0.0,0.0,0.0,0.0,0.0,0.0,0.0,0.0,0.0,6.0,0.0,10.3,27.3,45.6,24.0,0.0,178.2,95.3,11
169,Jalna,Bhokardhan,187.0,20.0,22.0,8.0,0.0,2.0,0.0,0.0,14.0,6.0,0.0,0.0,0.0,0.0,0.0,0.0,45.0,4.0,3.0,0.0,0.0,0.0,0.0,0.0,0.0,0.0,0.0,1.0,50.0,28.0,4.0,0.0,207,123.7,11
170,,Jafrabad,167.4,20.4,9.4,6.2,1.0,8.0,1.0,0.0,16.0,7.0,6.0,10.0,0.0,0.0,0.0,0.0,13.0,12.0,13.0,0.0,0.0,0.0,0.0,6.0,8.0,17.0,0.0,56.0,26.0,18.0,8.0,0.0,262,147.3,18
171,,Jalna,177.9,18.0,15.0,2.0,0.0,0.0,0.0,0.0,12.0,3.0,5.0,0.0,2.0,0.0,0.0,0.0,0.0,0.0,0.0,0.0,0.0,0.0,0.0,11.0,0.0,10.0,0.0,3.0,4.0,12.0,14.0,10.0,121,85.2,12
172,,Ambad,142.1,15.0,9.0,0.0,0.0,0.0,0.0,0.0,8.0,0.0,0.0,0.0,0.0,0.0,0.0,0.0,0.0,0.0,0.0,0.0,0.0,0.0,0.0,0.0,0.0,15.0,5.0,0.0,0.0,0.0,20.0,0.0,72,41.6,6
173,,Partur,173.2,18.0,19.0,0.0,0.0,0.0,0.0,0.0,12.0,2.0,0.0,2.0,11.0,0.0,0.0,0.0,0.0,0.0,0.0,0.0,0.0,0.0,0.0,0.0,0.0,0.0,0.0,0.0,0.0,0.0,3.0,24.0,91,45,6
174,,Badnapur,202.3,10.0,17.0,0.0,0.0,2.0,0.0,0.0,5.0,3.0,3.0,0.0,0.0,0.0,0.0,0.0,0.0,0.0,0.0,0.0,0.0,0.0,0.0,0.0,5.0,0.0,0.0,30.0,30.0,12.0,21.0,0.0,138,93.9,10
175,,Ghansangvi,147.0,10.0,11.0,0.0,0.0,0.0,0.0,0.0,4.0,0.0,0.0,0.0,0.0,0.0,0.0,0.0,0.0,0.0,0.0,0.0,0.0,0.0,0.0,0.0,0.0,0.0,0.0,85.0,23.0,0.0,2.0,3.0,138,77.7,6
176,,Mantha,177.7,16.0,20.0,0.0,0.0,0.0,0.0,0.0,12.0,2.0,0.0,5.0,5.0,0.0,0.0,0.0,0.0,29.0,0.0,0.0,0.0,0.0,0.0,1.0,12.0,0.0,0.0,1.0,0.0,0.0,5.0,10.0,118,89,9
177,Beed,Beed,132.6,1.2,0.8,0.0,0.0,0.0,0.0,0.0,0.0,0.0,0.0,0.0,0.0,0.0,0.0,0.0,0.0,0.0,0.0,0.0,0.0,0.0,0.0,0.0,2.0,4.8,0.0,26.6,4.4,3.8,1.8,40.6,86,65.6,5
178,,Patoda,131.0,3.0,8.0,9.0,0.0,0.0,0.0,0.0,0.0,0.0,0.0,0.0,0.0,0.0,0.0,0.0,2.0,0.0,0.0,0.0,0.0,0.0,0.0,0.0,42.0,25.0,0.0,2.0,5.0,2.0,3.0,6.0,107,100.4,8
179,,Ashti,106.6,0.0,10.0,9.0,0.0,0.0,0.0,0.0,0.0,0.0,0.0,0.0,0.0,0.0,0.0,0.0,5.0,0.0,0.0,0.0,0.0,0.0,0.0,0.0,6.0,0.0,0.0,32.0,30.0,0.0,19.0,0.0,111,65.4,7
180,,Gevari,169.6,3.0,4.0,0.0,0.0,0.0,0.0,0.0,0.0,0.0,0.0,0.0,0.0,0.0,0.0,0.0,0.0,0.0,0.0,2.0,0.0,0.0,0.0,0.0,0.0,7.0,0.0,10.0,12.0,18.0,6.0,2.0,64,37.4,7
181,,Majalgaon,171.1,3.5,0.0,2.2,0.0,0.0,0.0,0.0,3.0,0.0,0.0,0.0,0.0,0.0,0.0,0.0,0.0,0.0,0.0,0.0,0.0,0.0,0.0,1.0,7.0,9.0,0.0,10.4,25.0,0.0,65.0,4.0,130.1,70.8,8
182,,Ambejogai,183.7,0.0,0.0,0.0,0.0,0.0,0.0,0.0,0.0,0.0,0.0,0.0,0.0,0.0,0.0,0.0,0.0,0.0,0.0,0.0,0.0,0.0,0.0,8.0,5.0,9.0,0.0,12.0,6.0,0.0,32.0,7.0,79,50.5,7
183,,Kej,156.5,0.0,0.0,0.0,0.0,0.0,0.0,0.0,0.0,0.0,0.0,0.0,0.0,0.0,0.0,0.0,0.0,0.0,0.0,0.0,0.0,0.0,0.0,0.0,38.0,8.2,0.0,10.0,2.0,0.0,17.0,4.6,79.8,43.4,5
184,,Parali,183.7,0.0,0.0,0.0,0.0,0.0,0.0,0.0,2.0,0.0,0.0,0.0,1.0,0.0,0.0,0.0,1.0,0.0,14.0,0.0,0.0,0.0,4.0,14.0,13.0,8.0,0.0,3.0,2.0,0.0,10.0,8.0,80,51.1,8
185,,Dharur,156.5,0.0,2.0,0.0,0.0,0.0,0.0,0.0,0.0,0.0,0.0,0.0,0.0,0.0,0.0,0.0,0.0,0.0,0.0,0.0,0.0,0.0,0.0,0.0,20.0,5.0,2.0,15.0,14.0,0.0,9.0,4.0,71,31.1,6
186,,Vadavani,228.0,0.0,1.0,1.0,0.0,0.0,0.0,0.0,0.0,0.0,0.0,0.0,0.0,0.0,0.0,0.0,0.0,0.0,0.0,0.0,0.0,0.0,0.0,0.0,1.0,12.0,0.0,10.0,2.0,0.0,4.0,10.0,41,26.9,4
187,,Shirur Kasar,152.2,0.0,5.0,0.0,0.0,0.0,0.0,0.0,0.0,0.0,0.0,0.0,0.0,0.0,0.0,0.0,0.0,0.0,0.0,0.0,0.0,0.0,0.0,0.0,11.0,4.0,0.0,6.0,0.0,3.0,0.0,10.0,39,24.6,6
188,Latur,Latur,158.6,0.0,1.0,0.0,0.0,0.0,0.0,0.0,0.0,0.0,0.0,0.0,0.0,0.0,0.0,0.0,1.0,7.0,0.0,0.0,0.0,0.0,2.0,37.0,0.0,28.0,0.0,0.0,3.0,0.0,0.0,23.0,102,64.3,5
189,,Ausa,158.6,0.0,1.0,0.0,0.0,0.0,0.0,0.0,0.0,0.0,0.0,0.0,0.0,1.0,0.0,0.0,0.0,1.0,0.0,0.0,0.0,0.0,0.0,0.0,15.0,1.0,0.0,0.0,27.0,0.0,0.0,16.0,62,26.2,3
190,,Ahmedpur,236.7,0.0,0.0,0.0,0.0,0.0,0.0,0.0,0.0,0.0,0.0,0.0,20.0,0.0,0.0,0.0,1.0,0.0,0.0,0.0,0.0,0.0,17.0,17.0,9.0,4.0,0.0,51.0,0.0,0.0,0.0,9.0,128,94,7
191,,Nilanga,136.2,0.0,0.0,0.0,0.0,0.0,0.0,0.0,0.0,0.0,0.0,0.0,0.0,0.0,0.0,0.0,0.0,1.2,0.0,0.0,0.0,0.0,0.0,25.9,2.2,35.5,0.0,0.0,0.0,0.0,0.0,5.0,69.8,33.6,3
192,,Udgir,207.8,0.0,0.0,0.0,0.0,0.0,4.8,0.0,1.0,0.0,0.0,0.0,0.0,0.0,0.0,0.0,0.0,0.0,0.0,0.0,0.0,0.0,28.4,4.0,18.6,12.0,0.0,12.0,0.0,0.0,9.4,26.0,116.2,44.1,8
193,,Chakur,263.7,0.0,0.0,1.0,0.0,0.0,0.0,0.0,0.0,0.0,0.0,0.0,0.0,0.0,0.0,0.0,0.0,0.0,0.0,0.0,0.0,0.0,2.0,5.0,12.2,15.2,0.0,0.0,0.0,0.0,29.0,45.0,109.4,69,5
194,,Renapur,158.6,0.0,0.0,0.0,0.0,0.0,0.0,0.0,0.0,0.0,0.0,0.0,0.0,0.0,0.0,0.0,0.0,0.0,0.0,0.0,0.0,0.0,0.0,16.0,0.0,30.0,0.0,0.0,2.0,0.0,35.0,16.0,99,42.1,4
195,,Davani,235.3,0.0,0.0,0.0,0.0,0.0,0.0,0.0,0.0,0.0,0.0,0.0,0.0,0.0,0.0,0.0,0.0,0.0,0.0,0.0,0.0,0.0,0.0,0.0,8.0,4.0,0.0,0.0,0.0,0.0,0.0,46.0,58,42.6,3
196,,Shirur Anantmal,136.2,0.0,0.0,0.0,0.0,0.0,1.0,0.0,0.0,0.0,0.0,0.0,0.0,0.0,0.0,0.0,0.0,2.0,0.0,0.0,0.0,0.0,0.0,2.0,11.0,19.0,0.0,6.0,0.0,0.0,19.0,11.6,71.6,30.4,5
197,,Jalkot,235.3,0.0,0.0,0.0,0.0,0.0,0.0,0.0,0.0,0.0,0.0,0.0,5.0,0.0,0.0,0.0,5.0,0.0, - ,0.0,0.0,0.0,10.0,32.0,5.0,12.5,0.0,0.0,0.0,0.0,10.0,2.0,81.5,48.1,7
198,Osmanabad,Osmanabad,169.5,0.0,3.0,0.0,2.0,0.0,4.0,0.0,0.0,0.0,2.0,0.0,0.0,2.0,0.0,0.0,1.0,0.0,2.0,0.0,0.0,0.0,0.0,0.0,3.0,9.0,0.0,0.0,1.0,0.0,10.0,41.0,80,42.7,6
199,,Tuljapur,187.2,3.0,2.0,0.0,0.0,2.0,0.0,0.0,0.0,0.0,0.0,0.0,0.0,0.0,0.0,0.0,0.0,0.0,0.0,0.0,0.0,0.0,0.0,0.0,20.0,26.0,0.0,0.0,6.0,18.0,0.0,16.0,93,67.8,6
200,,Paranda,137.1,0.0,3.0,0.0,0.0,0.0,0.0,0.0,0.0,0.0,0.0,0.0,0.0,0.0,0.0,0.0,0.0,0.0,0.0,0.0,0.0,0.0,0.0,0.0,9.0,46.0,0.0,11.0,0.0,0.0,0.0,27.0,96,58.2,5
201,,Bhum,164.9,0.0,2.0,0.0,0.0,0.0,0.0,0.0,0.0,0.0,0.0,2.0,0.0,0.0,0.0,0.0,0.0,0.0,0.0,0.0,0.0,0.0,0.0,0.0,9.0,4.0,0.0,5.0,3.0,0.0,42.0,3.0,70,46.6,6
202,,Kalamb,150.1,0.0,0.0,0.0,0.0,0.0,0.0,0.0,0.0,0.0,0.0,0.0,0.0,0.0,0.0,0.0,0.0,0.0,0.0,0.0,0.0,0.0,0.0,0.0,29.0,4.0,0.0,0.0,1.0,0.0,3.0,1.0,38,50.7,3
203,,Umarga,75.0,0.0,0.0,0.0,0.0,0.0,0.0,0.0,0.0,0.0,0.0,0.0,0.0,0.0,0.0,0.0,0.0,1.0,0.0,0.0,0.0,0.0,2.0,0.0,3.0,42.0,0.0,7.0,0.0,0.0,0.0,12.0,67,89.3,4
204,,Lohara,75.0,0.0,0.0,0.0,0.0,0.0,0.0,0.0,0.0,0.0,0.0,0.0,0.0,0.0,0.0,0.0,0.0,0.0,0.0,0.0,0.0,0.0,0.0,0.0,4.0,34.0,0.0,0.0,42.0,0.0,0.0,20.0,100,57.5,4
205,,Washi,174.0,3.0,5.0,4.0,0.0,0.0,2.0,0.0,0.0,0.0,0.0,0.0,0.0,0.0,0.0,0.0,2.0,0.0,0.0,0.0,0.0,0.0,0.0,0.0,7.0,4.0,0.0,1.0,1.0,0.0,37.0,22.0,88,34.9,7
206,Nanded,Nanded,252.5,0.0,0.0,0.0,0.0,0.0,0.0,0.0,15.0,0.0,0.0,1.0,11.0,0.0,0.0,3.0,0.0,0.0,7.0,0.0,0.0,0.0,0.0,3.0,4.0,30.0,0.0,26.0,16.0,0.0,0.0,30.0,146,50.6,10
207,,Biloli,288.3,0.0,0.0,0.0,0.0,0.0,0.0,0.0,0.0,0.0,0.0,0.0,0.0,0.0,0.0,20.0,2.0,0.0,4.0,0.0,0.0,0.0,2.0,34.0,8.0,0.0,15.0,0.0,0.0,0.0,0.0,0.0,85,35.5,5
208,,Mukhed,239.7,0.0,0.0,0.0,0.0,0.0,0.0,0.0,3.0,0.0,0.0,0.0,0.0,0.0,0.0,0.0,3.0,0.0,0.0,4.0,0.0,0.0,15.0,0.0,25.0,18.0,42.0,20.0,0.0,0.0,0.0,0.0,130,57.1,8
209,,Kandhar,227.5,0.0,0.0,0.0,0.0,0.0,0.0,0.0,4.0,0.0,0.0,4.0,0.0,0.0,0.0,4.0,0.0,9.0,0.0,0.0,0.0,0.0,0.0,0.0,3.0,7.0,0.0,32.0,9.0,0.0,0.0,0.0,72,30.2,8
210,,Loha,238.2,0.0,0.0,0.0,0.0,0.0,0.0,0.0,5.0,0.0,0.0,0.0,0.0,0.0,0.0,0.0,0.0,4.0,15.0,0.0,0.0,0.0,4.0,0.0,0.0,9.0,0.0,11.0,37.0,0.0,27.0,0.0,112,35.1,8
211,,Hadgaon,318.8,3.0,0.0,0.0,0.0,0.0,0.0,3.0,16.0,0.0,0.0,1.0,0.0,5.0,0.0,11.0,12.0,4.0,0.0,0.0,0.0,0.0,0.0,1.0,23.0,0.0,22.0,3.0,1.0,0.0,0.0,0.0,105,40.5,10
212,,Bhokar,259.2,4.0,0.0,0.0,0.0,0.0,0.0,0.0,5.0,0.0,0.0,0.0,10.0,0.0,0.0,21.0,6.0,5.0,0.0,0.0,0.0,0.0,6.0,3.0,0.0,0.0,0.0,5.0,11.0,0.0,17.0,0.0,93,38.2,11
213,,Deglur,243.6,0.0,0.0,0.0,0.0,0.0,0.0,0.0,5.0,0.0,0.0,2.0,6.0,0.0,0.0,1.0,0.0,0.0,3.0,0.0,0.0,0.0,0.0,2.0,5.0,0.0,1.0,0.0,0.0,0.0,32.0,0.0,57,16,5
214,,Kinwat,357.1,17.0,6.0,0.0,0.0,0.0,14.0,1.0,20.0,0.0,0.0,1.0,5.0,9.0,0.0,15.0,41.0,18.0,0.0,0.0,0.0,0.0,15.0,3.0,4.0,12.0,0.0,54.0,0.0,0.0,5.0,0.0,240,112.1,15
215,,Mudkhed,214.1,0.0,0.0,0.0,0.0,0.0,0.0,0.0,23.0,0.0,0.0,0.0,3.0,9.0,0.0,9.0,0.0,0.0,15.0,0.0,0.0,0.0,12.0,0.0,8.0,34.0,0.0,0.0,8.0,0.0,0.0,3.0,124,38.9,10
216,,Himayat Nagar,318.8,5.0,2.0,0.0,0.0,2.0,0.0,8.0,35.0,0.0,0.0,0.0,2.0,9.0,0.0,17.0,24.0,2.0,0.0,0.0,0.0,0.0,1.0,13.0,9.0,0.0,0.0,0.0,11.0,0.0,0.0,2.0,142,39.8,9
217,,Mahur,357.1,31.0,4.0,0.0,0.0,0.0,3.0,5.0,30.0,0.0,0.0,155.0,5.0,32.0,3.0,9.0,55.0,43.0,3.0,0.0,0.0,0.0,0.0,2.0,1.0,0.0,0.0,13.0,1.0,0.0,0.0,0.0,395,139,14
218,,Dharmabad,284.1,0.0,0.0,0.0,0.0,5.0,0.0,0.0,3.0,0.0,2.0,0.0,0.0,2.0,0.0,50.0,2.0,4.0,2.0,0.0,0.0,10.0,7.0,2.0,0.0,0.0,2.0,0.0,0.0,0.0,0.0,8.0,99,38.2,7
219,,Umari,259.2,0.0,0.0,0.0,0.0,0.0,3.0,0.0,12.0,0.0,0.0,0.0,0.0,3.0,0.0,17.0,1.0,0.0,0.0,0.0,2.0,0.0,6.0,2.0,0.0,0.0,1.0,3.0,16.0,0.0,0.0,0.0,66,27.5,7
220,,Ardhapur,239.7,0.0,0.0,0.0,0.0,0.0,0.0,0.0,30.0,0.0,0.0,0.0,0.0,0.0,0.0,3.0,0.0,0.0,14.0,0.0,0.0,0.0,0.0,0.0,0.0,32.0,0.0,68.0,18.0,0.0,0.0,23.0,188,66.2,7
221,,Naigaon kh,284.1,0.0,0.0,0.0,0.0,0.0,0.0,0.0,7.0,0.0,1.0,2.0,0.0,1.0,0.0,6.0,3.0,0.0,21.0,0.0,0.0,0.0,11.0,31.0,2.0,3.0,1.0,25.0,25.0,5.0,0.0,0.0,144,61.6,10
222,Parabhani,Parbhani,233.8,7.0,2.0,0.0,0.0,0.0,8.1,0.0,15.0,0.0,0.0,0.0,0.0,0.0,0.0,0.0,8.0,30.0,0.0,0.0,0.0,0.0,0.0,0.0,10.0,10.0,0.0,45.0,55.0,10.0,0.0,0.0,200.1,104.2,10
223,,Gangakhed,192.0,0.0,0.0,0.0,0.0,0.0,8.3,0.0,2.6,0.0,0.0,0.0,4.6,0.0,0.0,0.0,0.0,0.0,6.4,0.0,0.0,0.0,0.0,2.4,1.2,0.0,0.0,23.0,18.2,0.0,7.4,43.2,117.3,61.3,8
224,,Pathari,191.2,7.0,0.0,0.0,0.0,0.0,7.5,0.0,25.0,0.0,0.0,0.0,3.0,0.0,0.0,0.0,0.0,10.0,0.0,0.0,0.0,0.0,0.0,25.0,53.0,15.0,0.0,50.0,30.0,0.0,17.0,137.0,379.5,171.5,12
225,,Jintur,221.3,23.0,8.0,0.0,0.0,0.0,8.1,3.0,16.0,0.0,0.0,0.0,3.0,1.0,0.0,0.0,4.0,11.0,0.0,0.0,0.0,0.0,0.0,0.0,4.0,4.0,12.0,27.0,20.0,0.0,28.0,0.0,172.1,78.8,14
226,,Purna,218.3,1.0,0.0,0.0,0.0,0.0,7.6,0.0,10.4,0.0,0.0,0.0,4.0,0.0,0.0,0.0,8.0,5.4,1.0,0.0,0.0,0.0,0.0,0.0,0.0,7.5,0.0,60.0,5.0,0.0,2.2,2.0,114.1,59.4,8
227,,Palam,192.0,0.0,0.0,0.0,0.0,0.0,0.0,0.0,2.4,0.0,0.0,2.0,0.0,0.0,0.0,0.0,0.0,0.0,8.0,0.0,0.0,0.0,1.0,14.6,0.0,11.0,0.0,57.4,1.0,0.0,12.4,0.0,109.8,48.1,5
228,,Seloo,228.4,12.0,7.0,0.0,0.0,0.0,8.2,0.0,7.0,0.0,0.0,0.0,8.0,0.0,0.0,0.0,0.0,1.0,0.0,0.0,0.0,0.0,0.0,9.0,29.0,0.0,0.0,2.0,8.0,0.0,33.0,26.0,150.2,78.2,10
229,,Sonpeth,192.0,0.0,2.0,0.0,0.0,0.0,8.1,0.0,5.6,0.0,0.0,0.0,0.8,0.0,0.0,0.0,0.6,0.0,0.0,0.0,0.0,0.0,1.2,6.0,44.4,15.0,0.0,31.4,2.0,4.0,0.0,45.4,166.5,72.9,8
230,,Manvat,228.4,6.0,2.0,1.0,0.0,0.0,0.0,0.0,15.0,0.0,0.0,1.0,1.0,0.0,0.0,0.0,0.0,0.0,0.0,0.0,0.0,0.0,0.0,9.0,36.0,0.0,10.0,32.0,45.0,0.0,2.0,118.0,278,111.9,8
231,Hingoli,Hingoli,248.5,20.0,6.0,0.0,0.0,0.0,0.0,4.0,30.0,0.2,2.0,0.0,0.2,11.0,0.0,14.0,12.0,69.0,0.0,0.0,0.0,0.0,0.0,11.0,4.0,1.0,0.0,6.0,6.0,1.0,0.0,0.0,197.4,83.4,12
232,,Kalmnuri,236.8,14.0,0.0,0.0,0.0,0.0,0.0,0.0,25.0,0.0,0.0,0.0,0.0,8.0,0.0,3.0,35.0,20.0,0.0,2.0,0.0,0.0,0.0,44.0,0.0,18.0,0.0,0.0,11.0,0.0,0.0,0.0,180,59.2,9
233,,Basmat,304.0,2.0,4.0,1.0,0.0,0.0,0.0,3.0,30.0,0.0,3.0,0.0,0.0,0.0,0.0,2.0,0.0,0.0,2.0,7.0,0.0,0.0,0.0,4.0,0.0,10.0,0.0,34.0,4.0,0.0,0.0,0.5,106.5,42.2,9
234,,Audha,252.6,10.0,0.0,0.0,0.0,0.0,0.0,0.4,19.0,0.2,0.0,0.0,0.6,0.0,0.0,7.0,0.0,0.0,0.0,5.1,0.0,0.0,0.0,2.0,0.0,7.0,0.0,17.0,30.0,0.0,2.0,0.0,100.3,39.7,7
235,,Sengaon,252.6,19.0,18.0,0.0,0.0,0.0,0.0,3.0,18.4,0.5,0.0,0.0,7.2,35.0,0.0,6.0,3.6,20.0,0.0,0.0,0.0,0.0,0.0,1.0,0.0,0.0,7.2,0.0,1.0,0.0,37.0,11.1,188,94.2,12
236,Buldhana,Jalgaon jamod,199.5,85.0,24.0,3.0,3.0,0.0,1.0,6.0,27.0,9.0,17.0,4.0,0.0,0.0,0.0,11.0,0.0,0.0,0.0,0.0,0.0,0.0,0.0,0.0,3.0,0.0,0.0,0.0,20.0,0.0,2.0,7.0,222,111.3,13
237,,Sangrampur,199.5,140.0,19.0,11.0,5.0,0.0,0.0,2.0,56.0,16.0,15.0,0.0,0.0,0.0,0.0,3.0,2.0,0.0,0.0,0.0,0.0,0.0,0.0,0.0,2.0,0.0,0.0,0.0,12.0,1.0,85.0,36.0,405,191.9,11
238,,Chikhali,211.0,36.0,20.0,7.0,0.0,0.0,2.0,0.0,28.0,12.0,0.0,0.0,7.0,0.0,0.0,35.0,31.0,0.0,0.0,0.0,0.0,0.0,0.0,2.0,3.0,0.0,0.0,0.0,0.0,29.0,0.0,0.0,212,104.6,10
239,,Buldhana,202.6,65.6,16.0,9.0,0.0,1.6,0.0,0.0,32.4,13.4,0.0,13.2,4.8,0.0,0.0,0.0,2.4,0.0,0.0,0.0,0.0,0.0,0.0,0.0,0.0,0.0,0.0,0.0,32.4,9.4,13.4,0.0,213.6,111.3,10
240,,Deulgaon raja,191.9,14.0,12.0,0.0,0.0,0.0,3.0,0.0,11.0,4.0,0.0,0.0,0.0,4.0,0.0,0.0,0.0,2.0,2.0,0.0,0.0,0.0,0.0,2.0,0.0,29.0,0.0,57.0,0.0,9.0,31.0,1.0,181,76.1,10
241,,Mehkar,237.9,33.0,13.0,0.0,0.0,1.0,0.0,3.0,29.0,7.0,1.0,0.0,0.0,4.0,0.0,27.0,22.0,30.0,0.0,0.0,0.0,0.0,0.0,2.0,14.0,0.0,0.0,7.0,3.0,1.0,3.0,1.0,201,104.7,13
242,,Shindkhedraja,191.9,19.0,12.0,0.0,0.0,0.0,2.0,0.0,13.0,2.0,0.0,0.0,0.0,0.0,0.0,0.0,0.0,19.0,2.0,0.0,0.0,0.0,0.0,13.0,5.0,7.0,0.0,22.0,2.0,0.0,37.0,0.0,155,68.2,9
243,,Lonar,227.4,21.0,18.0,0.0,3.0,4.0,7.0,0.0,18.0,6.0,0.0,9.0,5.0,2.0,0.0,0.0,9.0,44.0,0.0,0.0,0.0,0.0,0.0,0.0,0.0,0.0,0.0,1.0,15.0,29.0,2.0,0.0,193,106.6,13
244,,Khamgaon,181.1,75.4,8.4,2.4,0.4,0.0,1.4,2.8,28.4,10.6,4.0,10.4,4.2,0.0,0.6,0.4,0.8,7.4,0.0,0.0,0.0,0.0,0.0,0.0,1.2,2.2,0.0,6.6,46.6,50.2,0.0,0.0,264.4,132.1,12
245,,Shegaon,200.2,112.0,10.4,0.0,0.0,18.2,6.4,1.3,42.2,6.8,4.2,0.0,0.0,0.0,0.0,2.6,12.0,0.0,0.0,0.0,0.0,0.0,0.0,0.0,55.2,5.5,0.0,20.8,7.2,54.8,1.9,0.0,361.5,188.6,14
246,,Malkapur,191.7,145.0,15.0,0.0,0.0,9.0,0.0,3.0,40.4,12.0,0.0,0.0,0.0,0.0,0.0,0.0,0.0,0.0,0.0,0.0,0.0,0.0,0.0,0.0,23.0,5.0,9.0,0.0,118.0,0.0,0.0,0.0,379.4,183.6,10
247,,Motala,206.7,59.0,3.0,14.0,0.0,0.0,5.0,0.0,30.3,16.0,6.0,0.0,10.0,5.0,0.0,11.0,0.0,0.0,0.0,0.0,0.0,0.0,0.0,0.0,0.0,0.0,0.0,0.0,0.0,0.0,0.0,0.0,159.3,77.1,10
248,,Nandura,206.7,127.0,28.0,5.0,0.0,6.0,3.0,0.0,45.0,10.0,0.0,0.0,6.0,0.0,2.0,2.0,8.0,0.0,0.0,0.0,0.0,0.0,0.0,0.0,33.0,3.0,0.0,2.0,3.0,0.0,8.0,0.0,291,130.1,13
249,Akola,Akot,223.7,217.0,16.2,4.2,3.4,0.0,0.0,10.2,136.4,15.0,7.0,1.4,0.0,0.0,0.0,0.0,0.0,7.2,0.0,0.0,0.0,0.0,0.0,0.0,5.2,0.0,0.0,0.0,10.2,9.4,6.4,8.0,457.2,209.1,14
250,,Telhara,218.6,165.4,8.2,6.0,4.0, - ,4.6,9.0,70.4,13.0,10.2,4.8,0.0,0.0,2.0,0.0,0.0,2.6,0.0,0.0,0.0,0.0,0.0,1.2,21.2,0.0,0.0,0.0,10.6,36.4,32.2,1.4,403.2,182.5,15
251,,Balapur,220.9,35.0,11.0,6.0,0.0,0.0,0.0,3.0,37.0,5.0,22.0,19.0,0.0,0.0,1.0,2.0,17.0,3.0,0.0,0.0,0.0,0.0,0.0,0.0,3.0,2.0,0.0,27.0,7.0,17.0,0.0,0.0,217,88.1,14
252,,Patur,246.2,56.0,5.0,0.0,0.0,4.0,10.0,1.0,33.0,15.0,8.0,15.0,1.0,2.0,3.0,19.0,35.0,6.0,0.0,0.0,0.0,0.0,0.0,0.0,1.0,11.0,0.0,0.0,2.0,6.0,0.0,0.0,233,100,14
253,,Akola,232.9,71.7,5.2,1.6,0.0,0.0,0.6,3.3,44.0,11.8,14.7,2.2,0.0,0.0,0.1,3.3,9.9,0.0,0.0,0.0,0.0,0.0,0.0,0.0,1.6,11.9,0.0,4.0,31.0,27.8,0.0,0.0,244.7,108.9,12
254,,Barshitakli,224.8,70.0,2.0,3.0,0.0,2.0,18.0,8.0,43.0,12.0,14.7,5.0,15.0,0.0,1.0,6.0,0.0,0.0,0.0,0.0,0.0,0.0,0.0,0.0,0.0,44.0,0.0,3.0,43.0,3.0,2.0,0.0,294.7,116.9,14
255,,Murtijapur,252.2,85.2,2.0,3.2,1.0,0.0,0.0,8.0,66.3,11.8,6.4,1.2,18.2,0.0,0.0,10.0,8.0,0.0,0.0,0.0,0.0,0.0,0.0,0.0,0.0,0.0,3.1,0.6,34.0,13.0,0.0,0.0,272,95.8,12
256,Washim,Washim,283.8,43.0,3.0,0.0,0.0,1.2,4.4,2.0,41.0,4.1,0.0,4.4,13.4,47.2,0.0,10.0,34.0,11.0,0.0,0.0,0.0,0.0,0.0,12.8,1.8,0.0,0.0,2.0,1.0,21.0,17.4,0.0,274.7,122,14
257,,Risod,225.2,30.0,19.4,0.0,6.0,1.0,9.0,4.0,25.0,7.0,0.0,0.0,18.0,3.0,0.0,17.0,22.0,91.0,0.0,0.0,0.0,0.0,0.0,6.0,0.0,0.0,0.0,0.0,0.0,0.0,11.4,0.0,269.8,94.8,14
258,,Malegaon,284.7,32.0,13.0,0.0,4.0,0.0,3.0,0.0,42.0,6.0,0.0,2.0,28.0,14.0,0.0,24.0,18.0,14.0,0.0,0.0,0.0,0.0,0.0,2.0,0.0,0.0,0.0,17.0,8.0,32.0,0.0,0.0,259,104,14
259,,Mangrulpir,249.1,46.0,4.5,0.0,0.0,1.0,12.0,2.0,43.0,11.0,2.0,0.0,30.0,0.0,0.0,12.0,60.0,62.0,0.0,0.0,0.0,0.0,0.0,16.0,1.0,0.0,0.0,1.0,1.0,3.0,20.0,0.0,327.5,129.7,12
260,,Manora,252.6,45.2,4.4,0.0,0.0,0.0,12.4,3.2,38.2,2.4,2.2,1.0,0.0,0.0,0.0,2.4,5.8,32.2,0.0,0.0,0.0,0.0,0.0,47.8,0.0,0.0,6.8,3.4,7.2,5.2,0.0,1.2,221,87.4,12
261,,Karanja,252.9,79.5,10.4,0.0,0.0,3.0,9.0,5.0,51.2,8.0,9.6,18.2,13.8,0.0,10.6,18.0,34.2,0.0,0.0,0.0,0.0,0.0,0.0,0.0,2.0,0.0,0.0,5.0,2.5,6.4,2.8,0.0,289.2,74.2,16
262,Amravati,Dharni,389.6,212.6,6.2,0.2,0.2,0.0,0.2,34.2,326.4,40.2,4.4,2.4,13.2,10.7,3.2,12.6,0.0,4.6,0.0,0.0,0.0,0.0,0.0,0.0,0.0,0.0,0.0,0.4,0.0,5.8,2.5,5.4,685.4,129,13
263,,Chikhaldhara,531.3,298.4,51.6,11.2,9.4,0.0,31.0,102.2,345.8,76.6,1.8,0.0,2.0,19.7,0.0,0.6,0.0,19.8,0.0,0.0,0.0,0.0,0.0,0.0,4.4,0.4,0.0,30.0,2.8,10.0,3.0,2.8,1023.5,422.9,16
264,,Amravati,242.0,67.0,3.2,7.0,2.8,0.0,0.0,28.0,115.4,4.0,3.0,3.0,25.0,0.0,0.0,0.0,3.0,19.0,0.0,0.0,0.0,0.0,0.0,0.0,42.0,0.0,0.0,4.0,12.0,20.0,0.0,0.0,358.4,144.1,16
265,,Bhatkuli,248.7,78.2,1.2,5.9,0.0,0.0,0.0,15.4,115.4,7.1,9.5,5.9,9.6,0.0,3.1,2.5,0.0,10.1,0.0,0.0,0.0,0.0,0.0,5.3,10.2,2.2,0.0,0.0,33.2,46.4,0.0,0.0,361.2,145.2,14
266,,Nandgaon khandeshwar,248.7,68.0,3.0,0.0,0.0,0.0,6.0,16.2,62.0,9.0,8.4,5.4,2.0,0.0,0.0,0.0,7.0,0.0,0.0,0.0,0.0,0.0,0.0,0.0,1.2,0.0,0.0,6.0,49.0,30.2,0.0,0.0,273.4,112.6,12
267,,Chandur railway,242.7,67.4,6.4,0.0,0.0,0.0,3.4,18.4,87.6,7.2,8.8,1.6,5.4,0.0,0.0,22.8,0.0,10.2,0.0,0.0,0.0,0.0,0.0,21.8,13.4,0.0,0.0,21.4,10.2,10.6,0.0,0.0,316.6,130.2,15
268,,Tiwasa,243.1,92.6,2.4,7.0,11.2,3.2,0.0,16.8,82.4,4.0,5.2,6.4,1.2,0.0,0.0,0.0,6.2,0.0,0.0,0.0,0.0,0.0,0.0,0.0,1.2,0.0,0.0,7.0,3.4,29.4,0.0,0.0,279.6,102.6,13
269,,Morshi,272.5,143.6,4.6,7.2,5.0,0.0,4.0,15.6,145.6,8.4,3.0,0.0,0.2,6.0,0.0,0.0,0.0,2.0,0.0,0.0,3.2,0.0,0.0,21.0,2.6,0.0,0.0,0.0,9.6,19.0,0.0,0.0,400.6,133.5,15
270,,Warud,300.1,140.2,3.2,5.2,5.2,0.0,2.2,21.8,148.6,9.8,1.4,0.0,2.0,3.4,0.0,0.0,0.0,0.0,0.0,0.0,1.0,0.0,0.0,12.6,3.4,0.0,0.0,0.0,14.2,0.0,0.0,0.0,374.2,162.7,11
271,,Daryapur,230.0,125.0,5.2,2.4,0.0,0.0,8.2,17.2,88.0,8.2,4.4,2.2,8.2,0.0,0.0,0.0,0.0,4.2,0.0,0.0,0.0,0.0,0.0,0.0,3.2,0.0,0.0,3.6,52.2,15.4,0.3,7.6,355.5,171.4,14
272,,Anjangaon,207.4,223.0,14.4,10.0,0.0,3.4,0.6,30.4,160.0,17.4,9.0,0.0,6.4,0.0,0.0,17.0,2.4,1.0,0.0,0.0,0.0,0.0,0.0,0.0,4.0,57.6,1.0,0.0,2.4,20.8,18.0,0.0,598.8,251.9,14
273,,Achalpur,237.7,303.0,20.0,2.0,16.0,0.0,12.0,235.0,162.0,24.0,5.0,0.0,3.0,0.0,0.0,0.0,0.0,0.0,0.0,0.0,0.0,0.0,0.0,0.0,16.0,1.0,0.0,0.0,2.0,18.0,0.0,0.0,819,349.6,11
274,,Chandubajar,234.3,248.3,16.0,6.2,7.3,1.2,6.4,51.3,185.0,8.2,6.4,0.0,2.3,0.0,0.0,1.1,0.0,12.1,0.0, - ,1.4,0.0,0.0,8.0,45.2,11.0,0.0,0.0,43.7,26.0,8.0,0.0,695.1,285.9,16
275,,Dhamangaon railway,243.1,55.3,0.0,0.0,0.0,0.0,0.0,35.5,82.5,5.0,6.3,21.5,16.5,5.7,0.0,6.3,0.0,22.8,0.0,0.0,0.0,0.0,0.0,30.4,3.8,0.0,0.0,27.9,29.1,27.8,0.0,0.0,376.4,127.9,15
276,Yavatmal,Yavatmal,294.2,78.6,0.0,0.0,0.0,0.8,1.4,8.2,57.6,1.0,7.4,8.6,5.4,2.2,0.8,8.2,2.4,0.0,7.0,0.0,0.6,0.0,2.0,13.8,1.4,1.0,0.0,37.2,2.8,18.8,0.6,0.0,267.8,80.5,12
277,,Bhabulgaon,332.6,35.0,0.0,0.0,0.0,0.0,1.0,8.0,44.0,0.0,12.0,10.0,5.0,0.0,0.0,12.0,1.0,0.0,0.0,0.0,0.0,0.0,0.0,10.0,49.0,1.0,0.0,1.0,22.0,11.0,0.0,0.0,222,66.7,11
278,,Kalam,332.6,96.0,7.0,0.0,3.0,1.0,2.0,3.0,90.0,1.0,19.0,1.0,4.0,0.0,0.0,2.0,15.0,0.0,0.0,0.0,0.0,1.0,1.0,5.0,18.0,0.0,0.0,3.0,0.0,20.0,9.0,0.0,301,114.4,13
279,,Darwha,263.2,68.0,5.0,0.0,0.0,0.0,1.0,0.0,51.0,1.2,2.0,2.6,0.0,0.0,2.0,22.0,13.0,2.4,0.0,0.0,0.0,0.0,0.0,67.0,1.0,0.0,0.0,16.6,49.0,13.0,3.0,0.0,319.8,114.7,11
280,,Digras,278.8,45.0,5.0,0.0,0.0,0.0,15.0,9.0,35.0,2.0,1.0,22.0,12.0,5.0,10.0,4.0,13.0,57.0,0.0,0.0,0.0,0.0,4.0,14.0,0.0,0.0,0.0,50.0,0.0,25.0,0.0,0.0,328,120.5,16
281,,Arni,272.3,20.0,1.0,0.0,3.0,0.0,11.0,2.0,16.0,0.0,0.0,5.0,2.0,0.0,4.0,6.0,10.0,16.0,0.0,0.0,0.0,0.0,4.0,1.0,0.0,0.0,0.0,2.0,0.0,0.0,0.0,0.0,103,38.6,10
282,,Ner,266.8,59.0,5.0,0.0,0.0,3.0,5.0,6.0,51.0,7.0,13.0,9.0,4.0,0.0,0.0,0.0,1.0,0.0,0.0,0.0,0.0,0.0,0.0,5.0,3.0,0.0,0.0,33.0,0.0,25.0,1.0,0.0,230,86,14
283,,Pusad,267.5,20.0,2.0,0.0,1.0,0.0,7.4,5.2,20.2,1.4,0.0,3.0,15.2,20.2,1.0,7.6,26.0,48.2,3.0,0.0,0.0,0.0,0.0,7.4,4.2,1.1,0.0,14.0,1.2,21.0,1.0,0.0,231.3,80.7,15
284,,Umerkhed,286.5,5.4,7.0,0.0,0.0,0.0,0.0,9.0,31.4,2.0,0.0,8.2,0.0,14.6,0.0,12.3,34.0,12.4,0.0,0.0,0.0,0.0,0.0,0.0,47.2,0.0,0.0,38.8,8.0,0.0,0.0,0.0,230.3,83.9,12
285,,Mohagaon,274.4,13.0,2.0,0.0,0.0,0.0,3.0,3.2,23.0,0.0,0.0,17.0,2.0,48.0,2.0,171.0,58.0,35.0,0.0,0.0,0.0,0.0,0.0,0.0,3.1,0.0,8.0,27.0,0.0,0.0,0.0,0.0,415.3,127.3,12
286,,Wani,326.3,43.0,9.0,0.0,2.0,0.0,0.0,3.0,28.0,0.0,2.0,19.0,12.0,2.0,0.0,0.0,18.0,1.0,0.0,0.0,5.0,0.0,2.0,5.0,0.0,9.0,0.0,18.0,0.0,34.0,0.0,0.0,212,62.6,12
287,,Maregaon,338.7,58.0,8.0,0.0,0.0,0.0,2.0,3.0,52.0,5.0,1.0,59.0,13.0,23.0,6.0,12.0,9.0,0.0,0.0,0.0,5.0,0.0,25.0,9.0,0.0,0.0,0.0,16.0,0.0,41.0,0.0,0.0,347,102.5,16
288,,Zarijamni,338.7,23.0,9.0,0.0,0.0,0.0,26.0,4.0,21.0,0.0,0.0,20.0,15.0,0.0,11.0,0.0,11.0,4.0,0.0,0.0,0.0,0.0,0.0,5.0,0.0,0.0,0.0,35.0,4.0,3.0,6.0,5.0,202,59.9,16
289,,Kelapur,337.5,39.0,0.0,0.0,0.0,0.0,14.0,9.0,28.0,0.0,0.0,31.0,59.0,0.0,4.0,1.0,46.0,2.0,0.0,0.0,0.0,0.0,2.0,1.0,0.0,2.0,0.0,23.0,0.0,9.0,0.0,2.0,272,75.5,10
290,,Ghatanji,360.1,60.0,0.0,0.0,0.0,0.0,18.0,6.0,50.0,0.0,0.0,30.0,58.0,3.0,8.0,0.0,26.0,0.0,0.0,0.0,0.0,0.0,0.0,0.0,13.0,0.0,0.0,7.0,4.0,0.0,0.0,0.0,283,78.6,12
291,,Ralegaon,360.1,30.0,0.0,0.0,0.0,0.0,0.0,2.0,52.0,1.0,20.0,2.0,19.0,0.0,0.0,0.0,1.0,0.0,0.0,0.0,0.0,0.0,6.0,48.0,0.0,3.0,0.0,36.0,5.0,98.0,0.0,1.0,324,112.3,10
292,Wardha,Arvi,288.6,102.2,1.8,4.0,6.0,1.0,0.0,22.0,80.0,10.8,2.0,0.0,18.0,0.8,0.0,1.4,23.0,0.0,0.0,0.0,0.5,0.0,0.0,36.0,7.6,0.0,0.0,10.8,34.2,11.2,1.0,0.0,374.3,122.3,13
293,,Karanja,306.1,105.8,0.0,2.3,0.0,0.0,6.3,20.3,96.4,17.3,2.0,0.0,0.0,6.5,0.0,0.0,4.1,0.0,0.0,0.0,0.0,0.0,0.0,0.0,50.0,0.0,0.0,2.0,7.6,2.3,0.0,0.0,322.9,105.5,9
294,,Ashti,306.1,131.4,3.6,6.8,9.0,0.0,13.4,29.2,125.0,13.0,15.2,5.0,0.0,2.0,0.0,0.0,8.6,2.4,0.0,0.0,3.4,0.0,0.0,5.2,0.0,0.0,0.6,0.0,37.2,7.6,0.0,0.0,418.6,136.6,15
295,,Wardha,306.5,92.0,0.0,0.0,1.9,2.0,0.0,14.6,61.1,2.6,14.6,25.8,14.0,7.2,0.0,0.0,0.0,0.0,0.0,0.0,0.0,0.0,0.0,0.0,0.0,19.6,0.0,24.7,38.4,40.0,0.0,2.4,360.9,109.7,12
296,,Seloo,329.0,157.0,3.0,0.0,0.0,2.0,0.0,10.7,116.0,8.8,22.0,14.0,1.5,1.0,0.0,17.0,3.0,0.0,0.0,0.0,0.0,0.0,0.0,7.5,20.0,25.0,0.0,27.5,125.0,5.0,0.0,0.0,566,172,15
297,,Devali,329.0,77.8,0.0,1.4,4.6,1.0,10.4,16.4,54.4,5.4,22.0,19.0,7.0,0.0,0.0,0.0,1.0,5.2,0.0,0.0,0.0,0.0,1.0,1.0,4.8,23.2,2.0,0.4,54.2,9.4,0.0,0.0,321.6,94.7,14
298,,Hinganghat,339.7,168.2,2.3,0.0,4.2,0.0,33.0,13.0,47.6,2.0,13.0,1.1,7.2,0.0,0.0,0.0,10.0,0.0,0.0,0.0,3.2,0.0,0.0,3.2,0.0,4.0,0.0,12.0,6.2,25.0,0.0,0.0,355.2,96.5,14
299,,Samudrpur,368.0,171.0,0.6,0.0,9.4,0.0,7.4,8.0,87.0,2.0,17.0,0.0,5.0,4.0,0.0,2.0,9.0,0.0,0.0,0.0,19.0,0.0,0.0,64.5,0.0,0.0,0.0,0.0,18.6,36.8,0.0,0.0,461.3,117.2,13
300,Nagpur,Nagpur city,393.5,115.2,9.4,4.6,12.4,0.0,0.0,25.4,29.8,6.4,4.2,0.0,8.4,2.4,9.4,0.0,2.4,4.2,0.0,0.0,0.0,0.0,0.0,0.0,8.6,0.0,0.0,8.4,4.2,6.4,0.0,0.0,261.8,71.4,15
301,,Nagpur gramin,366.5,117.4,0.4,0.8,10.8,7.1,0.9,28.8,88.4,6.4,2.4,1.2,13.4,4.1,0.0,0.0,35.5,0.5,0.0,0.0,0.0,0.0,0.0,18.0,0.0,13.0,0.0,8.4,1.8,3.4,0.0,0.0,362.7,99,13
302,,Kamthi,366.5,87.4,1.2,6.1,29.0,0.0,0.0,21.0,65.5,8.2,2.4,0.0,6.0,0.0,0.0,9.0,6.2,87.0,0.0,0.0,0.0,5.0,0.0,19.2,0.0,0.0,0.0,22.0,44.0,12.0,0.0,0.0,431.2,117.7,15
303,,Hingni,366.5,97.6,4.0,6.0,7.2,6.2,2.0,10.0,66.6,6.0,3.6,0.0,2.0,6.0,0.0,0.0,8.2,0.0,0.0,0.0,0.0,0.0,0.0,4.0,0.0,0.0,0.0,2.0,4.2,2.0,0.0,0.0,237.6,67.7,13
304,,Ramtek,351.0,59.1,1.6,14.8,9.1,0.0,0.2,26.0,113.2,11.6,6.4,1.0,5.3,0.2,0.2,2.0,11.6,9.1,0.2,0.0,8.0,0.0,0.0,6.0,0.0,29.0,9.1,43.0,46.0,42.4,0.0,0.0,455.1,143.4,17
305,,Parshiwani,317.3,62.3,2.0,1.3,0.1,0.2,0.0,32.0,59.2,9.2,5.2,2.3,12.2,0.0,0.0,3.4,6.3,25.1,5.1,0.0,32.0,0.0,0.0,1.6,6.8,0.0,0.0,24.2,22.0,36.0,0.0,0.0,348.5,87.5,15
306,,Maudha,398.1,74.8,8.0,1.2,29.0,0.0,0.0,27.4,71.8,8.2,0.0,0.0,2.4,1.4,0.0,4.4,4.4,15.6,0.2,0.0,0.0,13.8,0.6,0.0,0.0,0.0,0.0,5.0,11.0,8.0,0.4,0.0,287.6,106,13
307,,Katol,271.3,117.2,1.6,0.0,0.0,1.6,0.0,24.2,117.2,16.2,0.0,0.0,3.8,0.0,0.0,1.0,51.4,0.0,0.0,0.0,2.0,0.0,0.0,0.0,2.0,0.0,0.0,0.0,6.2,50.6,0.0,0.0,395,127.1,8
308,,Narkhed,310.8,106.1,1.1,7.4,1.0,0.0,8.6,15.2,127.4,13.0,1.0,0.0,4.0,0.0,0.0,3.8,0.0,2.0,0.0,0.0,4.2,11.0,1.0,10.0,0.0,0.0,0.0,0.0,14.2,1.0,0.0,0.0,332,117.9,12
309,,Savner,281.7,55.6,25.4,0.0,0.0,0.0,0.0,16.4,91.8,3.6,4.2,5.8,18.4,0.0,0.0,0.0,76.8,20.4,0.0,0.0,0.0,0.0,0.0,3.0,0.0,0.0,0.0,12.8,8.2,10.4,0.0,6.8,359.6,156.1,15
310,,Kalmeshwar,230.3,144.0,4.6,0.0,2.0,0.0,0.0,15.8,104.4,5.6,0.0,0.0,5.2,8.0,0.0,0.0,35.6,2.4,0.0,0.0,5.0,0.0,0.0,0.0,0.0,0.0,0.0,15.0,2.2,5.2,0.0,2.0,357,98.9,11
311,,Umrer,361.1,60.2,3.2,1.2,25.8,4.8,1.4,14.2,93.0,5.8,11.8,0.0,1.2,19.2,3.4,0.0,27.6,48.2,0.0,0.0,0.0,0.0,0.0,0.0,0.0,0.0,0.0,65.8,40.2,32.2,1.2,0.0,460.4,110,15
312,,Bhiwapur,418.4,56.0,8.3,1.2,4.0,0.0,1.0,5.1,96.0,5.0,17.0,0.0,15.0,34.0,2.0,0.0,14.0,26.0,7.0,0.0,0.0,0.0,11.0,0.0,0.0,0.0,0.0,6.0,42.0,27.0,0.0,0.0,377.6,90.2,16
313,,Kuhi,418.4,64.2,5.0,5.2,15.6,0.4,0.8,15.6,86.4,5.4,4.2,0.0,0.0,11.4,0.0,2.6,3.4,1.8,4.4,0.0,0.0,3.2,1.2,0.0,0.0,0.0,0.0,2.4,5.6,36.0,0.0,1.0,275.8,66.4,15
314,Bhandara,Bhandara,415.6,69.5,2.0,4.2,23.0,0.0,0.0,32.0,65.5,6.0,7.0,0.0,1.7,0.0,0.0,6.6,14.8,44.0,0.0,0.0,0.3,3.0,6.6,0.0,0.0,0.0,0.0,8.4,39.0,3.8,4.8,0.0,342.2,82.3,16
315,,Mohadi,415.6,73.3,4.0,3.0,49.0,0.0,0.0,58.0,112.3,17.2,3.0,0.0,0.0,0.0,0.0,7.1,18.2,15.2,0.0,2.0,6.8,1.0,32.3,43.3,0.0,0.0,0.0,16.5,34.0,6.1,20.0,0.0,522.3,125.7,18
316,,Tumsar,415.6,61.6,4.0,0.0,46.8,0.0,0.0,38.2,62.4,12.8,7.8,0.0,0.0,4.2,0.0,10.2,37.2,3.8,2.2,3.6,15.4,0.0,0.0,4.6,0.0,0.0,0.0,23.2,17.0,5.4,3.2,0.0,363.6,90.7,18
317,,Pavni,400.7,66.2,11.6,1.0,0.0,4.2,10.8,31.0,60.0,4.8,10.2,0.0,1.5,19.8,0.0,0.0,31.3,5.3,5.6,9.6,0.0,0.0,5.9,0.0,0.0,0.0,0.0,20.2,70.6,23.6,0.6,0.0,393.8,87.4,17
318,,Sakoli,450.8,50.1,18.5,0.0,14.4,0.0,0.0,49.2,70.2,15.3,9.0,0.0,3.6,1.0,0.0,4.6,11.2,1.0,5.1,0.0,0.0,1.5,2.6,0.0,0.0,0.0,0.0,21.0,65.0,78.0,1.5,0.0,422.8,84.4,15
319,,Lakhandur,501.2,74.0,12.0,0.0,4.0,1.4,5.2,15.4,52.0,1.4,12.0,0.0,0.0,8.6,0.0,0.0,44.5,16.5,5.0,0.0,0.0,0.0,14.0,0.0,0.0,0.0,0.0,24.0,9.0,0.0,3.0,0.0,302,60.3,15
320,,Lakhani,501.2,78.0,16.0,4.0,32.0,0.0,0.0,43.0,102.0,23.0,4.0,0.0,18.0,0.0,0.0,9.0,0.0,0.0,14.0,0.0,0.0,0.0,0.0,0.0,0.0,0.0,0.0,46.0,17.0,26.0,0.0,0.0,432,105.3,14
321,Gondia,Gondia,410.3,107.6,6.6,0.0,34.0,0.0,0.0,11.4,86.4,5.0,6.6,0.0,0.0,5.4,2.0,66.4,2.4,42.6,15.0,0.0,0.0,0.0,7.0,0.0,4.6,0.0,0.0,34.0,7.6,25.0,4.4,0.0,474,88.8,17
322,,Amgaon,534.0,104.0,6.4,1.0,27.0,0.0,1.0,7.4,65.4,9.2,2.4,0.0,0.0,28.0,2.2,53.4,9.4,15.0,0.0,0.0,10.0,4.0,2.4,14.6,0.0,0.0,0.0,27.0,22.0,27.6,2.4,0.0,441.8,111.7,16
323,,Tiroda,395.7,65.2,3.5,5.7,40.3,0.0,0.0,16.0,123.6,4.8,11.5,0.0,0.0,0.0,0.0,8.2,12.8,3.4,0.0,7.6,0.0,5.1,6.4,0.0,0.0,0.0,0.0,53.7,10.3,7.6,0.0,0.0,385.7,72.2,17
324,,Goregaon,534.0,82.7,6.0,0.0,18.0,0.0,0.0,20.0,86.0,5.0,8.0,0.0,0.0,2.0,0.0,95.5,5.0,56.0,2.0,0.0,6.0,8.0,6.0,0.0,0.0,0.0,0.0,22.0,8.0,32.0,1.0,0.0,469.2,87.9,16
325,,Salekasa,534.0,97.0,9.0,0.0,6.2,0.0,8.0,20.0,73.6,3.5,0.0,0.0,0.0,38.0,5.0,46.2,1.0,5.2,0.0,0.0,17.2,30.0,0.0,1.8,0.0,0.0,0.0,44.2,13.2,7.2,1.8,0.0,428.1,97.9,16
326,,Devari,437.1,114.0,9.0,0.0,10.0,0.0,0.0,41.0,106.0,4.0,2.0,0.0,3.0,29.0,2.2,18.0,22.2,0.0,10.0,4.0,0.0,20.0,0.0,6.0,0.0,0.0,0.0,37.0,19.0,32.0,2.0,0.0,490.4,92.4,17
327,,Morgaon arjuni,530.8,76.2,8.2,0.0,3.4,0.0,2.8,17.4,75.4,4.6,18.4,0.0,17.6,15.0,0.0,3.4,19.4,3.8,19.4,0.0,0.0,0.0,3.4,0.0,0.0,0.0,0.0,39.6,9.2,0.0,0.0,0.0,337.2,63.5,17
328,,Sadak arjuni,530.8,47.0,7.0,0.0,20.5,0.0,0.0,30.0,77.0,11.0,1.0,0.0,0.0,10.0,0.0,22.0,2.0,0.0,0.0,10.0,4.0,12.0,0.0,21.0,0.0,0.0,0.0,25.0,16.0,24.0,1.0,0.0,340.5,90.4,15
329,Chandrapur,Chandrpur,376.7,37.4,4.4,0.0,2.6,0.0,3.4,2.2,27.6,1.2,7.4,20.1,46.6,10.2,39.4,2.8,12.1,4.8,3.6,0.0,8.2,0.0,39.2,0.0,6.4,0.0,0.0,94.4,1.6,0.0,0.0,55.4,431,108,19
330,,Mul,399.1,43.6,1.0,1.8,3.2,1.0,13.0,7.6,25.6,0.0,12.8,17.6,0.0,8.8,6.0,0.0,9.3,1.8,0.4,5.8,7.6,0.4,0.0,0.0,0.0,2.2,0.0,22.0,10.6,0.3,17.8,0.0,220.2,57,15
331,,Gondpimpri,386.6,27.6,3.2,0.0,0.0,0.0,30.6,9.2,11.0,1.4,8.4,10.2,66.2,2.0,12.4,0.0,11.2,0.0,16.8,0.0,8.0,0.0,3.6,0.0,0.2,0.0,0.0,0.4,3.0,52.6,0.0,0.0,278,80.5,15
332,,Varora,345.2,86.6,4.8,0.0,0.0,2.5,1.8,11.4,40.6,0.0,11.7,18.8,2.2,0.0,2.6,0.0,34.8,0.0,0.0,0.0,4.3,0.0,1.0,14.0,0.0,0.0,0.0,25.6,0.0,19.4,0.0,7.8,289.9,76.9,13
333,,Bhdravati,377.1,50.4,10.2,1.6,0.0,0.0,5.3,7.0,31.3,0.0,1.2,18.1,6.5,12.8,17.0,0.0,36.7,0.0,7.3,0.0,6.0,0.0,7.3,0.4,0.0,0.0,0.0,8.2,0.0,0.0,0.0,0.0,227.3,59.2,14
334,,Chimur,384.0,151.9,4.3,0.0,0.0,0.0,6.4,14.8,92.6,0.0,4.8,3.5,8.2,0.0,0.0,0.0,7.2,0.0,0.0,0.0,0.0,0.0,0.0,0.0,0.0,0.0,0.0,14.2,10.9,0.0,0.0,0.0,318.8,72.4,11
335,,Bramhpuri,440.4,116.0,15.0,0.0,18.8,3.2,15.0,18.2,45.0,0.4,8.6,1.2,35.6,35.0,10.2,0.6,6.6,0.0,4.8,4.6,0.0,0.0,7.2,0.4,0.0,0.0,0.0,80.8,2.2,0.0,16.0,0.0,445.4,88.6,17
336,,Nagbhid,502.8,108.7,5.6,0.0,5.8,0.0,18.8,8.6,59.0,1.2,11.8,3.7,39.6,16.4,0.9,0.0,10.8,0.0,7.7,0.0,0.0,0.0,0.0,7.6,0.0,0.0,0.0,6.2,4.3,0.0,4.6,0.0,321.3,75.8,16
337,,Sindhewahi,423.6,126.4,8.6,0.0,11.2,4.2,16.0,8.4,49.4,2.4,11.6,15.2,6.2,56.6,0.0,0.0,35.2,4.0,21.8,0.0,13.4,3.8,16.4,6.4,15.0,0.0,0.0, - ,1.2,0.0,9.2,0.0,442.6,114.5,20
338,,Rajura,386.6,30.3,0.0,0.0,11.0,0.0,21.0,10.3,17.0,0.0,14.4,47.2,15.0,13.2,4.0,2.2,24.0,0.0,11.0,0.0,1.0,1.2,37.4,0.0,20.0,0.0,0.0,16.0,23.0,14.3,0.0,0.0,333.5,86.3,17
339,,Korpana,386.6,21.3,0.0,0.0,1.6,0.0,20.2,9.6,14.7,0.0,0.0,40.2,22.6,9.5,6.2,2.3,16.4,0.0,12.0,0.0,0.0,0.0,33.2,0.0,14.3,0.0,0.0,36.2,6.7,14.4,0.0,7.8,289.2,72.5,16
340,,Savali,399.1,38.0,1.0,1.0,4.0,1.0,7.0,21.0,35.0,0.0,11.0,19.0,13.0,17.0,9.0,1.4,35.0,1.0,5.0,0.0,0.0,0.0,17.0,0.0,0.0,0.0,0.0,11.0,1.0,2.0,27.4,0.0,277.8,71.9,15
341,,Ballarpur,386.6,60.0,0.0,0.0,2.0,0.0,74.1,11.0,35.4,7.4,1.0,95.0,69.0,7.3,44.0,0.0,20.3,0.0,12.0,0.0,6.0,0.0,27.2,0.0,16.3,0.0,0.0,20.0,13.2,40.0,0.0,0.0,561.2,145.2,17
342,,Pombhurna,386.6,32.6,3.2,0.0,0.0,0.0,21.6,2.2,20.6,3.8,4.4,39.8,0.0,1.8,0.0,0.0,9.4,14.6,0.0,0.0,9.6,0.0,4.2,0.0,0.0,0.0,0.0,5.6,2.4,0.0,0.0,0.0,175.8,45.5,12
343,,Jivati,386.6,30.2,1.0,0.0,2.1,4.2,2.0,1.0,13.3,0.0,0.0,64.2,13.1,13.0,18.2,1.3,19.3,11.1,9.2,0.0,0.0,0.0,17.2,0.0,1.0,3.3,0.0,2.1,25.0,5.2,0.0,6.2,263.2,51.1,15
344,Gadchiroli,Gadchiroli,515.1,44.8,3.0,0.0,5.0,0.0,1.0,10.0,39.2,2.0,17.6,2.0,9.4,24.0,3.4,0.0,55.0,16.4,8.8,0.0,0.0,0.0,0.0,0.0,0.0,0.0,0.0,1.0,22.0,28.0,0.0,0.0,292.6,56.4,14
345,,Kurkheda,518.9,236.2,17.8,0.0,11.0,1.2,9.4,47.2,105.8,1.0,15.2,1.0,17.4,41.2,0.5,7.0,5.0,12.0,0.0,0.0,0.0,0.0,9.0,0.0,0.0,0.0,0.0,33.4,45.0,23.2,3.2,0.0,642.7,142.9,17
346,,Armori,449.9,127.4,7.0,0.0,38.0,0.0,7.0,15.0,45.0,1.0,9.0,3.0,37.0,39.2,11.0,1.0,16.0,0.0,4.0,1.0,0.0,0.0,1.0,6.0,0.0,0.0,0.0,4.0,0.0,2.0,0.0,0.0,374.6,72.2,15
347,,Chamorshi,518.9,20.0,0.0,0.0,7.0,0.0,9.0,11.0,11.0,0.0,31.0,10.0,3.0,1.0,0.0,0.0,20.0,0.0,17.0,0.0,6.0,0.0,15.0,0.0,0.0,0.0,0.0,14.5,0.0,2.0,0.0,0.0,177.5,42.3,13
348,,Sironcha,419.8,0.0,0.0,0.0,6.6,0.0,4.0,0.0,7.0,4.6,5.0,4.5,55.0,12.0,46.1,44.4,11.4,2.0,0.0,0.0,13.6,0.0,4.4,0.0,6.4,4.6,0.0,0.0,0.0,43.8,0.0,0.0,275.4,57.7,16
349,,Aheri,477.6,9.3,0.0,0.0,0.0,0.0,17.0,21.0,15.4,0.0,4.0,27.3,47.0,8.3,12.0,9.3,50.3,3.2,10.0,53.0,0.0,39.0,0.4,6.8,0.0,0.6,0.0,0.0,0.0,0.0,21.0,0.0,354.9,74.1,17
350,,Etapalli,479.0,5.1,1.0,0.0,4.2,2.3,17.1,29.2,11.3,4.0,2.3,36.4,62.2,11.4,0.0,0.0,63.3,2.4,15.1,1.2,0.0,6.2,4.0,0.0,0.0,1.2,0.0,0.0,0.0,4.1,0.0,2.4,286.4,47.1,14
351,,Dhanora,608.7,40.0,10.4,0.0,9.2,1.0,1.2,15.2,40.4,2.4,20.0,5.6,17.2,34.0,32.0,14.0,39.4,13.2,4.2,13.2,0.0,0.0,8.4,0.0,0.0,0.0,0.0,4.0,20.0,0.0,18.4,0.0,363.4,70,19
352,,Korchi,518.9,81.0,21.0,0.0,10.2,6.0,10.8,15.0,112.2,1.2,7.2,0.0,1.2,30.0,0.0,60.6,13.8,4.8,0.0,0.0,0.0,0.0,0.0,3.0,0.0,0.0,0.0,9.6,10.2,2.0,1.2, - ,401,83.1,15
353,,Desaiganj  wadsa,482.4,116.0,10.0,0.0,30.0,3.0,15.0,27.0,49.0,1.0,21.2,5.6,17.4,32.0,1.6,1.0,18.4,17.6,0.7,0.0,0.0,0.0,24.3,0.0,0.0,0.0,0.0,62.8,4.0,0.0,6.6,0.0,464.2,89.5,17
354,,Mulchera,518.9,28.0,48.4,0.0,3.8,0.0,29.0,26.0,11.0,4.2,1.0,77.0,43.0,2.0,44.0,2.0,68.6,0.0,0.0,0.0,8.2,12.0,24.0,0.0,0.0,0.0,0.0,2.4,0.0,0.0,0.0,0.0,434.6,90.7,14
355,,Bhamragad,479.0,13.2,0.6,0.0,3.6,3.2,29.6,46.0,20.8,0.0,1.6,72.2,12.8,48.6,29.8,0.2,23.6,2.0,4.8,0.0,0.0,14.4,8.2,0.0,0.4,7.8,0.0,0.0,0.0,60.2,0.8,2.7,407.1,85,17
